Sample code,Depth (cm),Soil type,Mg,P,K,Ca,Ti,Li,Be,Al,V ,Cr,Mn,Fe,Co,Ni,Cu,Zn,As,Se,Rb,Sr,Mo,Ag,Cd,Cs,Ba,Tl,Pb,U
,,,(mg/kg),(mg/kg),(mg/kg),(mg/kg),(mg/kg),(mg/kg),(mg/kg),(mg/kg),(mg/kg),(mg/kg),(mg/kg),(mg/kg),(mg/kg),(mg/kg),(mg/kg),(mg/kg),(mg/kg),(mg/kg),(mg/kg),(mg/kg),(mg/kg),(mg/kg),(mg/kg),(mg/kg),(mg/kg),(mg/kg),(mg/kg),(mg/kg)
A1.1,10,ADE,510.4922733,2018.905633,594.6792,3032.604545,1202.960562,3.979464302,0.282164368,35684.86228,65.68224666,35.30258331,460.5138112,28565.95427,1.30778392,5.297052891,14.96294393,69.76522589,5.7346225,1.081249213,6.949057336,41.63027172,1.095637281,0.130257665,1.365656925,0.796941691,125.109235,0.116723026,8.472733753,1.814081538
A1.2,20,ADE,534.9382597,2370.502266,709.001019,2975.181374,1347.406702,4.542636673,0.33331921,41518.47905,71.97148789,38.88185066,486.6294084,31875.71612,1.44801816,9.896631021,19.04070974,82.60165565,6.159512312,1.073209738,8.191022876,45.00440374,1.06601113,0.129621171,1.67220213,0.959262051,150.9962864,0.128936654,9.182838852,1.92341054
A1.3,30,ADE,528.1293599,3018.983191,780.9193627,4027.391727,1048.768749,5.088602396,0.343972062,45071.18155,80.33312759,42.08837257,443.4803011,35107.67137,1.402907587,7.243460476,21.22463324,93.05562547,6.27419874,0.930474899,8.229086096,55.28762088,1.043000512,0.117305107,2.010435676,0.889621558,178.8601324,0.131281904,9.928182847,1.84684921
A1.4,40,ADE,525.7222774,3153.514304,725.7168547,3803.833723,1201.28347,4.91476745,0.337661462,50985.20192,87.03761027,44.72237367,409.9929763,38231.68954,1.32438612,8.721392647,20.13543269,86.32971435,7.422358182,0.988334188,7.606065553,54.92161484,2.320134717,0.123777175,1.698875773,0.88966253,149.4745821,0.114918884,10.38685988,1.7547987
A1.5,50,ADE,413.2105085,2891.469205,670.2453746,2744.90331,1467.875212,4.637707372,0.321804109,53629.11802,98.5258085,48.91185602,314.3075017,41740.69245,1.25383241,6.091007981,16.30841279,68.14155587,9.196952452,1.116903337,6.512236004,51.49435515,1.420928724,0.129094661,1.339332062,0.763548001,126.5036372,0.099627805,11.51804913,2.057746405
A1.6,60,ADE,415.2197393,3673.353784,615.2658891,3034.287754,881.673768,4.087623979,0.303877605,55299.44019,95.12736106,48.62028577,283.4519285,41598.56028,1.107826062,8.241259583,15.20383354,62.18558403,6.673231257,0.826719269,6.404751526,68.61524303,1.222035154,0.106185807,1.098873305,0.678380898,164.9613476,0.090709889,10.37398208,1.87693477
A1.7,70,ADE,395.7707478,2660.360102,577.6140036,2683.56154,1378.149779,3.955844187,0.302930921,59454.07474,103.1377396,50.57178635,279.6810627,44031.36646,1.143403976,9.547841336,14.76494411,57.2800795,9.93524551,1.118947286,6.612820823,50.68187624,1.428520276,0.114062184,0.962687571,0.721810661,110.3725509,0.084940873,10.67871842,1.934040874
A1.8,80,ADE,263.1737082,2153.525019,267.7142609,1348.532654,1541.38139,2.610621456,0.26433682,71151.65173,125.4022719,59.23527238,156.9042123,52206.92625,0.814583247,10.65367648,7.190656992,30.93975817,12.26426603,1.488696471,3.230115785,42.19491896,2.016333045,0.118948048,0.441656144,0.346995802,70.07819275,0.043209464,12.13461957,2.320953232
A1.9,90,ADE,236.4303888,2339.254221,351.1651528,1401.701052,1552.073767,2.632935293,0.284379507,71419.95098,126.7568234,61.34122302,171.4413068,53031.83891,1.210015436,4.260407257,8.513913543,32.04054704,12.41931863,1.451396807,3.563581658,47.02436668,1.966995401,0.119566877,0.5284395,0.385603542,88.16247948,0.052182773,13.29752895,2.125725953
A1.10,100,ADE,176.8462558,1772.870796,153.7852594,650.2000052,1598.19687,1.836788855,0.248609149,74942.32508,134.7247567,63.49858549,112.9393312,55794.96892,0.705051018,4.4052122,3.856599829,16.03030669,13.39020349,1.482679549,1.684411433,36.99999933,1.809547304,0.106806976,0.196226194,0.170004958,54.69789004,0.033087847,12.46863739,2.135285629
A2.1,10,ADE,776.5331559,1826.678914,627.71392,4572.132272,1264.392711,3.51772984,0.253624743,32294.27404,63.21828932,36.65731035,465.4591229,28059.2334,1.326026882,6.31551993,14.76779866,65.75474208,5.710497245,1.008523117,8.654979788,46.66587508,0.887468263,0.096718062,1.167423052,0.731355705,149.4450325,0.135749477,7.227169604,1.64935641
A2.2,20,ADE,750.8190949,2036.501338,782.8155358,3524.360332,1427.536064,4.339628624,0.310245056,39183.99247,74.48114558,39.16093484,532.5034807,32566.7089,1.59877781,5.740610426,16.38255667,75.91812194,6.66408022,1.162761138,9.408742722,45.98242255,1.207260076,0.110703182,1.345819085,0.858530291,158.61006,0.144869711,8.505643431,2.049897102
A2.3,30,ADE,722.8105137,2777.046348,925.1951091,3535.877287,1439.013739,4.99153114,0.358986563,47514.63269,85.56985044,45.19899058,525.295987,37915.94378,1.703107253,15.55884327,20.88049599,87.99834663,7.604955343,1.011214222,10.66330107,51.68366408,1.108849939,0.107116531,1.756372474,0.953946791,181.2109765,0.146350054,9.565600637,1.949598002
A2.4,40,ADE,660.0632526,2775.332672,937.1239536,3588.373787,1478.716148,5.519023725,0.383277264,57784.26488,100.9414005,51.51481503,460.6937705,43889.24991,1.669055712,8.970303645,22.44880367,91.90203063,9.328460878,1.076728176,10.50095477,54.09543421,1.31993653,0.123240103,1.796739214,0.968112093,160.9630945,0.137604672,10.80271213,2.022802003
A2.5,50,ADE,685.2821621,3370.366964,1198.705217,3958.345659,1489.929523,6.12360777,0.411680451,55635.48564,100.4245381,51.50737335,490.7612753,43704.06034,1.878799346,9.996634823,24.22893519,104.12629,9.15903437,1.006066199,11.94345036,57.95005655,1.269590671,0.11095552,2.030342371,1.009635261,185.3162043,0.154961788,11.05438388,1.935143023
A2.6,60,ADE,603.9718107,3691.88764,1110.224083,4619.186291,1384.223272,6.270612139,0.416572162,59474.58284,103.6490819,52.29690959,501.8593666,45065.57076,1.827486454,9.529785393,26.25661772,109.3372232,9.215022576,1.0254535,11.81224783,63.20747536,1.291607154,0.123713624,2.180560679,1.008076494,183.2973327,0.153444766,11.34081576,1.874500245
A2.7,70,ADE,559.3242041,2932.50519,911.3587048,3478.935377,1508.234728,5.440945785,0.365511387,57836.17153,107.2934366,53.71689933,414.4748487,45695.08836,1.573006271,8.383220996,20.80646466,89.80852008,10.5294082,1.103841046,9.884702099,55.77095462,1.838739736,0.120624846,1.782210277,0.839136319,148.8830727,0.131236067,11.10686956,2.05881968
A2.8,80,ADE,493.4361383,2887.937976,981.4287556,3060.232791,1653.123935,5.469124628,0.377294422,64981.90219,116.4096133,57.37416427,382.6155024,49466.83309,1.598125685,8.20199221,19.11023395,80.35474607,11.25184881,1.144684873,10.27727627,54.21310333,1.605750852,0.115402078,1.874367675,0.865093344,142.7314756,0.123141045,12.05675252,2.139129823
A2.9,90,ADE,426.1835934,4764.615875,957.5113236,5649.078406,1520.687246,5.736297912,0.412547603,65064.65646,127.3560489,62.72404063,296.594174,51752.9834,1.49044903,7.088537463,16.08609163,78.24123249,10.9740245,1.207998569,7.899813448,56.46256697,2.110969591,0.115451164,2.392445336,0.619864124,143.0855316,0.115812653,12.80935049,2.157660849
A2.10,100,ADE,279.2023523,2391.304296,486.8939322,1707.687244,1671.214189,3.230470313,0.292109084,74215.14411,136.7061089,65.0903406,146.1685499,56165.77356,0.926210754,4.557453211,7.207128744,33.63770719,13.85759673,1.417482093,4.638405477,43.88245884,1.828946104,0.112225596,0.603667914,0.374427895,86.4635544,0.058627311,12.70648946,2.212261277
A3.1,10,ADE,315.9024376,1222.575684,444.2777877,1045.126406,1433.837973,2.792077211,0.198619923,38683.28725,69.03864016,36.88651277,371.6333765,30406.52974,1.050379888,3.393962859,11.15232636,39.1979552,6.642300625,1.059629264,5.248183503,27.76275456,0.886669985,0.098817635,0.686161509,0.630586968,74.71636157,0.08324271,7.030016554,1.790326235
A3.2,20,ADE,287.2767579,1183.813744,428.8611272,683.098095,1301.934588,2.751213312,0.211422345,41614.84602,73.90736818,39.44724134,334.5188652,32295.45494,1.000936981,4.694679694,10.28351097,39.00789899,7.107804427,1.092358325,4.899644006,27.55087305,0.993166309,0.084632173,0.727075324,0.590959027,74.7141133,0.082859537,7.247645938,1.744714317
A3.3,30,ADE,299.9271367,1324.951244,415.6692864,814.8471521,1588.015063,2.706053515,0.230255937,52562.88742,94.97119915,48.71011861,230.8147289,40487.91388,0.947361931,4.050528002,9.082123676,33.60747177,9.549221671,1.186418378,4.194045799,32.28779498,1.240342509,0.100995454,0.602292726,0.492627627,73.66601448,0.070594394,9.386748695,2.088045715
A3.4,40,ADE,320.2524172,1409.786643,343.7400761,568.7153139,1701.429065,2.600413206,0.257654882,68223.01523,121.9449892,59.79824465,151.9716965,51160.95467,0.81935053,3.570450646,8.296099325,27.62456407,12.41146845,1.416777581,3.940760306,34.88059584,1.610286284,0.103963667,0.397801378,0.416751593,66.4825263,0.04937201,10.90309611,2.161584109
A3.5,50,ADE,245.5778174,1530.712897,275.3215238,809.0676441,1622.739671,2.338847326,0.24610541,67393.53786,125.2172165,60.18548741,127.5086777,52494.22307,0.747121411,4.199609775,6.29408236,22.58041596,13.1326721,1.450930457,3.256181007,34.88590592,1.70177636,0.097924659,0.333297818,0.319312501,63.41311482,0.043678971,11.08260359,2.111074471
A3.6,60,ADE,173.3389364,1418.915834,225.2581966,459.4723762,1668.836632,2.150415096,0.237554862,77419.82926,136.2762303,65.38574114,92.59856108,57120.26371,0.699516015,3.215705225,5.007287117,15.8218863,14.4293474,1.537671813,3.158355426,36.42548937,1.814560722,0.094720108,0.246805499,0.292053069,55.83824702,0.038230683,11.84765304,2.112495626
A3.7,70,ADE,158.9670217,1416.860555,184.3148577,424.9030865,1817.778724,2.022088364,0.25400291,79156.16268,140.0628394,67.10515831,115.5437184,58632.61493,0.728692089,3.459000974,4.749029015,14.96460575,15.33710253,1.552349816,2.588967601,35.7527253,1.957994647,0.105550898,0.212197288,0.216267416,53.21464805,0.035026534,12.37525357,2.29022568
A3.8,80,ADE,206.7545615,1419.594954,152.6258618,645.4035144,1769.982042,1.849260631,0.238696392,79760.01583,140.3316707,67.27204045,97.58659689,59027.36989,0.685945659,3.217616224,5.047369911,14.66277011,15.48028567,1.56045559,2.394555586,36.92211178,1.894546107,0.090211613,0.140507939,0.165018365,49.65483626,0.026682286,12.02953652,2.156878298
A3.9,90,ADE,145.2409782,1470.788554,161.0160889,386.1245938,1940.00429,1.870319644,0.26450777,83182.21805,150.9604177,72.67257408,101.2832708,62663.02958,0.742366724,3.826971672,3.553984387,12.4338885,16.78408651,1.655145488,2.286547367,36.88137196,2.017803956,0.101427167,0.157400471,0.157001742,50.50508064,0.028932969,13.08417543,2.336896531
A3.10,100,ADE,187.4584348,1567.51377,147.2174965,667.5551032,1812.03996,1.74664158,0.236296401,82671.20391,146.9836249,70.76093167,86.7540581,61396.78995,0.666739002,3.84118957,3.63850688,59.66721146,16.55320159,1.573039149,2.215595006,37.73581894,1.997637595,0.101446131,0.109698067,0.145887042,49.23809032,0.025808874,12.63107615,2.223714062
A4.1,10,ADE,353.723434,1122.6767,395.4273027,1627.602076,1417.383315,2.615433393,0.192025975,33271.21444,60.93810732,36.94930451,357.2349113,26349.96299,0.982291746,4.262928869,9.486210786,37.34936105,5.81697929,0.926542149,4.842123445,30.49563738,0.903861623,0.091412614,0.615257368,0.533940032,77.58152318,0.072440773,6.669254641,1.928412506
A4.2,20,ADE,317.1007633,1165.747126,396.5081007,1016.466353,1601.523653,2.718606663,0.206006511,36485.69218,66.11023203,41.212314,357.6638411,28825.01056,1.049405876,3.288531285,9.571934603,38.001264,6.314416183,0.934272943,4.646944267,28.69762158,0.900682491,0.105034698,0.604289316,0.519089526,69.70471774,0.071764128,7.018061269,2.029253159
A4.3,30,ADE,607.3750137,2044.131338,1093.760389,980.521574,1583.272909,4.175469678,0.317265778,53554.00817,91.47236233,48.43198303,233.898215,38645.18162,1.294938894,6.191003607,10.29103549,39.78740401,8.815433572,0.999019144,10.34081425,33.49506967,1.981267109,0.096406157,0.484354318,0.893330305,92.02919663,0.085905433,9.147441258,2.100263631
A4.4,40,ADE,279.320918,1489.299894,351.598474,518.0115075,1789.794448,2.715079798,0.25857469,60902.74882,105.948811,52.76296293,197.6747838,44951.69532,0.933117037,5.457366332,7.012994981,26.42989461,10.5400182,1.096122044,4.128064992,31.76778595,1.614979048,0.105602956,0.357908093,0.443667226,55.0692171,0.051868328,9.661327094,2.147224959
A4.5,50,ADE,205.6594593,1271.486698,210.1800155,332.2725182,1564.943023,2.082230857,0.205146825,56238.81725,99.061102,48.58047521,150.552621,41848.33299,0.737029296,3.367764897,5.710847225,19.593455,10.32155205,0.976525842,2.696342098,27.8552783,3.062688111,0.083369564,0.278511012,0.288354033,39.74131769,0.038999213,8.625255835,1.874130688
A4.6,60,ADE,193.5756437,1313.122449,176.5803677,311.8340145,1641.246125,2.025086112,0.220319702,59045.42822,105.3676185,51.74624283,141.4478651,44796.65728,0.740512997,3.765520532,4.892605517,16.59660048,11.11473849,1.020879529,2.352241468,28.72132558,1.34445235,0.086508141,0.208175458,0.262829505,37.46250241,0.033797151,9.093713845,2.155875551
A4.7,70,ADE,278.8988053,1491.698315,181.5780178,595.4889762,1663.225847,1.938323261,0.205726285,59932.88903,110.4351476,52.77809901,130.3249825,45790.81428,0.711059907,3.013465427,4.272984517,18.44003453,11.43552844,1.034353695,2.438470927,30.48484478,1.360143214,0.094068518,0.191694425,0.254244952,40.95007392,0.036821465,9.405576009,2.074783373
A4.8,80,ADE,153.2097328,1252.640842,137.5840327,199.6727157,1564.919894,1.698937621,0.189632553,59410.78677,106.2162451,51.72479197,106.0703011,44824.68932,0.626629811,2.437546781,2.947811684,12.44209672,11.36555607,1.011347802,1.820460342,28.33142835,1.404158137,0.090794159,0.174591152,0.194768882,34.28576905,0.032015069,9.161779186,1.976984826
A4.9,90,ADE,173.831285,1360.048533,159.2900761,290.1260632,1890.279942,1.835750202,0.218364684,76390.96365,132.1031194,64.90260847,120.5618342,55760.61012,0.748053136,3.172196687,3.048455546,13.68498309,13.94930773,1.30711133,1.975605801,34.95709187,1.726695209,0.106791611,0.160047397,0.198935172,41.93989535,0.031191548,11.48600398,2.385923943
A4.10,100,ADE,176.4552199,1473.221969,143.2764848,315.2545599,1861.377677,1.70999721,0.249552322,87419.23022,149.5913994,72.54838024,82.32527878,63139.50579,0.671323676,3.691730196,2.350803476,11.69051984,16.21714151,1.511529358,1.895771506,38.30897906,1.955764811,0.104970496,0.119883666,0.173975548,44.44261906,0.028979163,12.59321979,2.5957432
A5.1,10,ADE,548.3961284,1309.456937,516.7132507,2577.805394,1490.899325,3.278530034,0.225630015,30499.48697,56.39227247,33.32994975,420.7417344,24653.16133,1.199150684,5.704377728,11.30545143,51.16897111,5.292880119,0.800520738,6.776368092,34.40120473,0.730870451,0.089824727,0.719908017,0.70598252,97.7977749,0.105348568,6.27127259,1.859431525
A5.2,20,ADE,514.374421,1442.767056,612.9980487,1878.741609,1704.050658,3.594982269,0.246712628,35607.94027,64.75526491,39.05317089,449.0458668,28472.58398,1.362744522,5.079091603,12.89296713,57.28937958,6.080512358,0.880954556,7.628286308,33.75296756,0.833232293,0.098914977,0.845735122,0.765733889,100.513273,0.105835779,7.44558115,2.273938044
A5.3,30,ADE,426.8084991,1577.465803,540.2326597,1013.675281,1487.242173,3.59615682,0.256312855,44579.63113,78.46374285,41.50846288,360.6519858,34371.27018,1.412330082,6.195873074,13.38053041,53.234873,7.352572915,0.840377815,6.390966712,30.89093288,0.982660541,0.093195274,0.759539352,0.6329925,96.43124942,0.086592519,8.064372319,1.861659123
A5.4,40,ADE,459.6324267,1767.517413,497.3489879,1126.291092,1591.066229,3.656631142,0.27031312,50560.43171,87.83605925,45.14807008,323.4596937,38597.86495,1.230421485,13.15191325,13.98092332,55.36397482,8.278509083,0.895884509,5.969337984,33.54848791,1.111459539,0.094764733,0.849410349,0.627887454,93.16943692,0.073682775,8.539542031,1.983153832
A5.5,50,ADE,357.8646135,1887.173794,472.3053832,849.2327936,1401.869312,3.353729001,0.240879214,50473.29718,86.38181715,44.10313667,283.1190038,37973.85672,1.101172125,5.086316498,13.44888426,51.07427417,8.250093995,0.86953616,5.668933865,32.92203856,1.066473599,0.090748107,0.821423788,0.566494608,102.0319327,0.065881858,8.224031188,1.76912974
A5.6,60,ADE,347.4080735,1958.935083,452.3404749,854.3497032,1389.422076,3.245496071,0.241728014,49517.21232,84.80970321,42.48754563,290.5851551,37260.57889,1.044377687,4.581612097,13.12258846,49.41960403,8.225604697,0.807490866,5.243727008,32.85333333,1.010431462,0.078941116,0.7812252,0.520936361,97.93832974,0.059082997,7.867902083,1.653979475
A5.7,70,ADE,390.54051,2117.934064,455.521753,1060.995637,1374.196919,3.25867429,0.246473324,51114.77549,89.82022149,44.86646049,308.2554445,39204.36379,1.206973107,4.641385247,13.52654211,50.91794217,8.515345916,0.872445528,5.398125295,35.09568489,1.090079477,0.083028337,0.780747859,0.561334211,102.8198871,0.063235269,8.284782553,1.611668783
A5.8,80,ADE,285.6561222,1756.733687,393.1883471,586.2565098,1563.431966,2.998416089,0.245676021,57671.00047,100.4398004,49.61564391,253.5084898,43923.36251,1.003885864,4.060098218,10.43373186,38.8790209,10.00293543,1.000845044,4.450728402,34.31463893,1.302397205,0.09147566,0.599670055,0.442269782,81.09009925,0.053804893,9.092390277,1.970309877
A5.9,90,ADE,232.614023,1585.28596,198.5686473,594.5088458,1750.150769,2.273381524,0.231008905,72035.66915,127.2669657,62.03659331,142.3279439,53520.70028,0.781179817,4.86033799,5.19683214,23.62077613,13.64620339,1.325147016,2.143582003,36.04623232,1.673830777,0.098905027,0.312384042,0.232652953,54.72974207,0.034026432,10.88457849,2.17371606
A5.10,100,ADE,157.3790954,1373.516485,143.0422274,292.0762658,1936.107486,1.882500455,0.230472677,81597.37122,142.8062109,68.56432606,109.0368429,59986.93687,0.719118542,3.199223471,3.452699184,15.62074575,15.73723273,1.418575825,1.479289524,37.08262721,1.88843496,0.102279609,0.18046704,0.147735399,47.38422652,0.02644615,11.69999313,2.37120653
A6.1,10,Ulti,182.4220853,559.1424251,99.53468515,411.8406545,1399.407194,1.449895787,0.109352737,33819.32972,59.16426248,32.14760458,115.7539092,24865.78133,0.560674365,1.694644574,1.32091874,8.021001682,5.783070363,0.996236906,0.576931786,15.9740063,0.753084503,0.068598079,0.066203113,0.064659275,14.55873445,0.012902962,5.258432842,1.624710338
A6.2,20,Ulti,208.4285217,626.1031362,103.822857,366.0879106,1859.406308,1.783966662,0.137669946,42349.62211,70.31469523,40.38090592,159.1766679,29668.09984,0.669635616,1.470418125,1.667327483,8.880015935,6.587900634,1.166268991,0.674119808,19.46341249,0.908925087,0.093484283,0.081440187,0.077621907,17.13176525,0.013794181,6.63845667,2.03970091
A6.3,30,Ulti,149.4427548,566.6515115,113.5443367,136.436913,1967.829786,1.755506314,0.16404278,51710.69579,82.09303114,46.38820054,149.8373194,34598.01583,0.730740387,2.009955914,2.208679887,8.715554865,7.742422877,1.242482164,0.703879348,21.85720989,1.067003838,0.109051897,0.102024404,0.08819904,18.22790988,0.016737417,7.776121323,2.488989211
A6.4,40,Ulti,209.1476363,696.3997355,116.4111717,293.8078738,2219.206762,1.802181561,0.187988846,60679.98286,96.21293698,52.51560908,173.4615434,40225.28389,0.805310173,2.337959492,1.976404457,10.25915301,8.930675669,1.338630803,0.731980881,25.86467258,1.283634034,0.129223762,0.114213735,0.094136306,22.91365202,0.017575144,8.863734388,2.860331713
A6.5,50,Ulti,-4.529709938,6.019406041,13.36215675,28.21986296,18.08214926,0.048245566,0.009288726,1211.908124,0.831239498,-0.637717925,4.829241802,443.4575241,0.055103754,0.026208505,-0.328214247,0.008557891,0.060510729,-0.032309578,0.249657627,0.880727534,-0.052034218,-0.007816307,0.003506963,0.020230027,2.280360652,-0.000175304,0.015712481,0.013351234
A6.6,60,Ulti,241.2722996,785.8026325,136.1540316,399.5328518,2285.159482,2.000877404,0.207867941,71755.39218,114.141006,60.39050631,155.5225418,47576.07798,0.857364461,5.633372781,2.46343574,12.9257959,10.5642625,1.557556492,0.826987856,29.1634068,1.545305633,0.123694618,0.130627602,0.107067233,27.90517913,0.019272999,9.868059635,2.866972273
A6.7,70,Ulti,147.5286219,552.0270185,99.35061827,130.6548229,2062.998892,1.534776134,0.196285749,73419.57903,115.3057735,59.65247715,127.8559378,48709.35374,0.724478358,2.604039992,1.498825076,9.79753942,11.17924598,1.515917303,0.542160799,25.85963642,1.574213194,0.102851837,0.082775215,0.075319796,23.53453874,0.015533577,9.656596864,2.426561747
A6.8,80,Ulti,216.9448215,664.9714406,102.4205098,362.2730543,2230.202694,1.585349086,0.227367372,83106.35814,130.4399702,67.66995337,118.5048567,54463.39011,0.752396613,3.144591488,2.137668932,11.22531955,12.54939448,1.706686634,0.553600239,30.0143433,1.773834768,0.115601583,0.088251113,0.076823495,28.37683156,0.016671759,10.60782024,2.69991097
A6.9,90,Ulti,172.6842738,592.0983533,98.88961895,271.3371435,2068.557347,1.517263742,0.20226889,79463.42798,122.3122632,64.22395831,116.3343602,51528.09777,0.696423217,3.604250152,1.3666354,8.560332156,11.88320309,1.560215282,0.526516764,27.65059922,1.670666688,0.09816915,0.066974846,0.07778733,26.17996593,0.016464192,10.30604851,2.376426124
A6.10,100,Ulti,139.2944576,460.2747336,95.62090172,130.699695,2022.552866,1.45145873,0.209847363,82725.0286,125.9190572,64.61438542,98.2767243,52721.28902,0.676252668,2.585061817,1.137762363,6.610585373,12.2497989,1.701736436,0.526998043,27.03230872,1.696448154,0.101356361,0.068102784,0.077028342,25.49124147,0.016962111,10.3187613,2.346024332
A7.1,10,Ulti,150.142522,470.9130798,93.67842851,294.6437964,1644.218267,1.543514435,0.124815418,40680.94094,68.68219652,37.48528337,128.3940765,28569.47709,0.603910653,3.543738326,1.791235435,6.944908359,6.335618605,1.32116622,0.519929357,16.56881629,0.849253492,0.085294769,0.067167199,0.056473019,15.56367599,0.014170988,6.225818534,1.774710607
A7.2,20,Ulti,161.3171213,534.461294,89.96622446,342.3668855,1814.000577,1.461905587,0.146409724,50704.36761,82.60821224,44.60927968,134.9976139,34454.89023,0.642233431,3.020957802,2.060917543,9.711721157,7.714181104,1.6219424,0.50704807,20.62512608,1.091609227,0.094951169,0.08028907,0.057572455,18.29139042,0.014469655,7.469761109,2.145858643
A7.3,30,Ulti,89.00592874,231.3742358,71.90712762,54.06668009,2636.680363,1.084090559,0.122591078,52643.51201,84.76350765,44.67118047,129.2160351,44216.77571,0.625524587,0.564816908,1.065990226,6.216950817,8.070104876,1.729484832,0.526875469,18.89530903,1.401461967,0.053582846,0.084645097,0.072361007,18.68162273,0.009981926,5.726103262,1.666130908
A7.4,40,Ulti,210.0986509,614.5129199,100.5858222,398.5744014,2227.186659,1.640055752,0.176988415,66427.52669,105.1047661,56.23921691,146.7711046,43713.31577,0.786404409,4.258894726,1.61258751,9.261761005,9.834350165,1.794731075,0.53191856,26.60646759,1.389141273,0.120577156,0.105229353,0.070449492,23.50199766,0.015748607,9.206600894,2.706366591
A7.5,50,Ulti,186.0309313,595.2033551,97.66019459,397.2144607,2003.269012,1.554208414,0.173941058,64586.03228,102.7813046,54.45568084,127.6665857,43001.45822,0.716577127,3.099236768,3.974654994,9.305649256,9.689317687,1.786870295,0.519198625,25.36373032,1.42277864,0.115561255,0.086206657,0.061840367,22.68030364,0.016693996,8.897756596,2.554135523
A7.6,60,Ulti,169.4110112,525.1763035,94.36935486,346.2404141,1895.830972,1.39311504,0.179308204,69434.73379,108.4957102,56.13316404,105.4038161,45619.2985,0.638955655,2.930581743,1.923461207,7.803599109,10.40727819,1.715847782,0.470710454,25.8169937,1.42139196,0.099251031,0.081006673,0.060352428,23.19326753,0.013508907,8.833036062,2.422285532
A7.7,70,Ulti,126.363635,400.0666779,82.71472681,83.73041321,1873.832529,1.429699206,0.182019903,70021.48742,109.9573513,57.37171443,101.2300353,46131.04133,0.657273231,2.745847561,1.937144894,6.36211627,10.5333602,1.727706625,0.452884273,24.26102785,1.478877241,0.101448757,0.070966698,0.059749045,21.22066208,0.014559545,9.044761193,2.352593274
A7.8,80,Ulti,74.6214592,203.6890085,63.19894851,55.01814903,2510.062354,0.894737596,0.137768164,61350.81108,102.880037,53.25442516,88.58741881,52819.44007,0.546685383,0.986864507,2.666448955,6.638581322,9.773769925,1.671456754,0.4053214,18.67372113,1.777518623,0.077616779,0.092141435,0.068821825,23.25190331,0.010313781,6.675285627,1.736054406
A7.9,90,Ulti,207.8124812,590.1581605,107.5764986,421.2660283,2143.824346,1.510010371,0.199886719,76570.81779,118.8981752,62.84435087,120.9813219,49843.95364,0.764590486,6.962532733,2.452437591,69.22480756,11.53089214,1.780426937,0.465042576,27.68709941,1.758918068,0.112840798,0.090774321,0.068779262,25.95148419,0.015528602,10.12490313,2.57502812
A7.10,100,Ulti,139.6242113,410.9924157,96.74131436,121.8799338,2147.229412,1.486388904,0.207918806,85730.48593,128.4020211,66.65670315,107.2410535,53733.27629,0.731440953,3.586987271,4.723627958,7.863172808,12.48730537,1.740649715,0.50176697,28.47735776,1.777981962,0.105746363,0.088991419,0.069542415,24.93691993,0.014419869,10.48682558,2.434784583
A8.1,10,Ulti,124.6453367,443.1841655,77.10440198,361.4172297,1346.486334,1.394452508,0.101979418,33315.78104,58.63691148,30.21970126,105.9029043,24613.81208,0.483654328,8.485026154,1.223405685,4.245677323,5.683485845,1.022804866,0.480074438,14.12339897,0.720501559,0.064257488,0.046173966,0.044659509,12.63888231,0.008965813,4.841533097,1.469229522
A8.2,20,Ulti,128.7432936,385.8829289,89.31338512,111.0645236,1781.627117,1.513835827,0.144187064,49030.25263,79.63751473,41.92550037,128.9100955,33035.38068,0.640878918,2.030895115,1.56921002,5.789413945,7.349098351,1.456623595,0.463582998,18.93541533,1.039094699,0.091785974,0.070045207,0.054541877,15.3093873,0.013219508,6.852472357,2.058033678
A8.3,30,Ulti,125.1390192,397.8884489,84.48538307,86.3653069,2184.849714,1.640510587,0.154030283,55619.48832,93.72427603,52.05782516,157.5392574,38587.26378,0.769624584,1.957802193,2.674170366,6.535283297,8.644555641,1.679851325,0.455230745,20.63460288,1.261869403,0.106838041,0.083097717,0.057094491,17.51371156,0.01409119,8.354491007,2.397052143
A8.4,40,Ulti,125.2882777,399.9123452,88.55771236,85.6025633,2113.085973,1.557975805,0.164186475,59916.40974,98.81229923,53.12005468,141.6376437,40905.30623,0.736740634,1.857947388,2.067019775,6.643122783,9.135826092,1.685348009,0.465704304,22.08621856,1.372249106,0.11506498,0.08993773,0.058979909,19.10839714,0.014284952,8.746103822,2.585881445
A8.5,50,Ulti,118.5208729,396.0374017,77.37306913,82.34217688,1974.654331,1.563378201,0.171036699,62877.05637,99.82795341,52.59949891,127.5544253,41807.30484,0.684620368,1.892108443,1.70326403,6.011534874,9.357965675,1.660592307,0.436086068,22.45978069,1.287906549,0.11031256,0.065539695,0.054109622,18.65487318,0.01274721,8.505597337,2.414576313
A8.6,60,Ulti,140.7884921,400.7091729,86.12088637,179.6334709,2081.466642,1.494309723,0.184348026,68179.18862,111.2975772,57.66188701,131.4230849,46373.89813,0.726633104,2.547261934,3.211946993,19.54055433,10.22726967,1.820177993,0.437486208,23.71129091,1.537800795,0.121198024,0.082378353,0.055051242,21.10963167,0.013786142,9.55216592,2.440741562
A8.7,70,Ulti,108.9633379,357.3288619,81.57466394,96.0608144,1882.210999,1.358695821,0.168978211,65129.24499,106.8641403,55.81848761,104.951612,44224.85722,0.632190826,2.237125932,2.021916162,7.055132824,10.10171801,1.626143975,0.389662544,22.22434086,1.455520263,0.097082976,0.068237454,0.051482311,20.00183034,0.013565816,8.928768252,2.264177647
A8.8,80,Ulti,109.8172925,352.4369356,71.83997595,82.61045396,1957.119766,1.337393937,0.193812661,71734.02897,114.435081,58.83837528,98.999596,47725.68858,0.633939772,2.055002721,3.594261602,6.702501772,11.2075147,1.652502519,0.37554565,23.13706034,1.515098868,0.089551315,0.05434567,0.052393543,20.69119096,0.01270449,9.239253214,2.195048493
A8.9,90,Ulti,121.3733686,396.8041529,84.40999049,106.3473221,2138.622734,1.492223427,0.206318546,73296.79949,118.8044701,62.07004889,119.2020772,49112.45785,0.699813333,2.423672405,3.254374106,10.1968368,11.46906755,1.854114188,0.435526833,24.75554629,1.645149224,0.113431749,0.077922167,0.059164202,22.50013181,0.015766964,9.936947766,2.685447583
A8.10,100,Ulti,119.9771499,359.8110175,103.912581,99.27477291,2047.479156,1.389179608,0.197984412,77769.22136,125.8137345,64.55364005,94.78826513,51841.58834,0.647334022,2.543166808,3.125700628,7.135036438,12.13033287,1.820915496,0.415399215,24.84003983,1.68228601,0.09431548,0.064134485,0.054931404,22.93008425,0.014975514,10.08141269,2.30998666
A.91,10,Ulti,98.35981907,329.1548613,85.90339546,104.2704621,1475.192506,1.320353061,0.098208671,39571.60162,67.25305987,34.50085967,131.8698211,28200.80969,0.531556992,1.206801416,1.086752205,4.301496167,6.336083259,1.257178469,0.434518407,13.90109736,0.795672886,0.06530889,0.054928556,0.046833154,11.51886901,0.011696134,5.530386285,1.563800682
A9.2,20,Ulti,108.8101623,361.9084387,96.22813235,74.30404624,1795.488376,1.387751294,0.147895814,50748.9535,83.4128912,42.77863724,132.4978578,34638.48554,0.666182203,1.54637998,1.365603965,4.873593401,7.883143424,1.547172352,0.475279726,17.95672008,1.002994947,0.093875975,0.080475224,0.054138087,14.83288168,0.011324233,7.076015519,2.081246704
A9.3,30,Ulti,109.3003206,341.5159342,73.57564254,69.79289854,1765.573913,1.402980624,0.14909365,51732.43908,85.64550633,45.38687591,122.8275343,35607.46058,0.615673685,1.719736686,1.756590189,5.139284681,8.064825919,1.619649884,0.400481183,18.47155551,1.116497293,0.090122413,0.057400867,0.049954479,15.63719536,0.01025028,7.25835491,1.99258567
A9.4,40,Ulti,120.7194467,377.4214776,81.06221269,63.02147679,1947.025857,1.509580707,0.171079738,62922.66695,100.142255,52.14047741,126.2488046,41718.28647,0.648274468,1.933657545,1.602114558,6.227921626,9.18782802,1.807036983,0.473411906,21.8731582,1.275724176,0.10334216,0.077545404,0.055455499,18.12362911,0.012531959,8.313820207,2.765923738
A9.5,50,Ulti,114.4128954,365.0779373,73.54708625,66.14476099,1922.314928,1.467998729,0.163951268,62506.50224,100.9693353,51.69615762,116.5218483,42051.26646,0.655450316,1.750397825,0.978882802,5.154438958,9.574432827,1.723973448,0.444320076,21.46683521,1.310853058,0.105218578,0.071186629,0.049637195,18.19318779,0.012305787,8.366711624,2.393905535
A9.6,60,Ulti,130.1117964,380.1877283,80.46475041,88.08535695,2221.752404,1.456609011,0.183003996,70846.60772,115.8216235,60.58739099,139.2565796,47667.6881,0.753557759,2.085628163,1.557937992,6.430335521,10.47602378,1.806552798,0.459055296,23.41400644,1.525629672,0.109044944,0.078503945,0.057139651,21.28326978,0.013678899,9.915312424,2.555562177
A.97,70,Ulti,106.1528973,327.8692191,66.70204903,61.64665293,1822.021956,1.337847832,0.170422692,64425.91497,102.6301957,52.9287022,109.9216074,42665.64106,0.656010908,1.824070702,1.252654992,5.047832063,9.545782141,1.542109557,0.360259254,21.38422481,1.325830622,0.086335017,0.052550324,0.050335213,18.68115116,0.011730674,8.384654269,2.166967359
A9.8,80,Ulti,124.5557347,366.4391335,76.56852538,74.1988418,2135.918582,1.522991364,0.200379775,77734.25524,121.1459889,61.59897253,122.0054475,50487.25064,0.729201617,2.082480262,1.589825033,5.82462541,11.31035671,1.741128636,0.39433522,25.67964223,1.547384657,0.106071206,0.07569612,0.054207298,21.93714108,0.013952771,9.994085303,2.554870754
A9.9,90,Ulti,126.9967265,370.6986098,78.54705367,87.53517567,2157.15449,1.490960753,0.189095933,72776.10304,116.3202629,60.66095095,131.9326789,48095.73922,0.715266892,2.077171132,1.287359205,5.860100525,10.79129523,1.746850101,0.445348714,24.37929187,1.59790608,0.102915911,0.070911351,0.058052625,20.58754416,0.013160638,9.539680382,2.430604188
A9.10,100,Ulti,125.3064802,369.387333,77.64949541,87.91338983,2098.29721,1.465302368,0.192822354,74573.67732,119.3052879,61.63202516,108.9520491,49247.30584,0.68360146,2.100644902,2.031990895,6.158484581,11.15931237,1.81954481,0.439601883,24.81323891,1.5751801,0.09770479,0.064061999,0.058898068,21.90613148,0.013580745,9.883568762,2.425845829
A10.1,10,Ulti,91.30496978,300.1550993,81.4182292,82.11192286,1476.845398,1.385089182,0.111133763,40962.04362,69.33820314,35.99145294,108.4427255,28933.63935,0.530943453,1.080601289,1.249703563,4.251331822,6.617671611,1.401413814,0.513896435,14.34991816,0.855269663,0.065569809,0.059213238,0.050400023,11.82778172,0.008826835,5.695053012,1.634287473
A10.2,20,Ulti,123.8400226,352.1334949,92.52665716,73.81858354,1902.428813,1.420344795,0.162508224,60122.84186,94.69113965,49.60168782,131.011696,39803.55612,0.669766612,1.685947966,1.724853216,5.922240846,8.724185242,1.837600062,0.500367112,20.29069294,1.265341697,0.102378577,0.077149036,0.055613686,16.88671255,0.012315223,8.131102215,2.269502381
A10.3,30,Ulti,111.4323836,347.154257,83.44759428,81.19598924,1795.045296,1.274523385,0.162579915,62216.6634,100.0549038,51.75189611,114.8068898,41649.64696,0.89092082,2.019557406,1.554176813,6.227107437,9.286480459,1.849021868,0.436275836,20.47219972,1.308898072,0.100643934,0.089616794,0.053241432,17.80387281,0.011159965,8.456596062,2.200377298
A10.4,40,Ulti,106.2774009,341.7173615,86.65161489,67.34869107,1815.959636,1.282061828,0.161287172,64554.70137,102.1184066,52.60577997,120.5894379,42710.87084,0.646675489,3.161167521,2.453971435,5.86860377,9.667164615,1.684534009,0.393793015,20.70665764,1.312808421,0.098730905,0.061602112,0.052649046,18.07119556,0.011509963,8.54785576,2.278843857
A10.5,50,Ulti,114.362514,341.729092,81.89515843,68.10062774,1902.794204,1.304117672,0.171795358,68630.82417,106.8431288,54.30385505,115.5526721,44456.88424,0.65788706,2.125228586,1.274066975,5.130745603,10.05595849,1.727053914,0.407988902,22.0956685,1.349850605,0.095150956,0.061274495,0.050280758,18.85412728,0.011260588,8.915419896,2.187210365
A10.6,60,Ulti,117.7771874,334.1527605,73.27032321,72.5563563,2122.836176,1.446066927,0.18345944,73027.09786,115.8732371,59.23282595,118.6909008,47912.72586,0.718785865,2.142564708,1.247518985,6.724894144,11.00185426,1.786182734,0.386091909,23.15917538,1.51344986,0.112584519,0.066632618,0.055018863,20.58523591,0.013748783,9.969652501,2.586406674
A10.7,70,Ulti,95.39047072,327.5564927,70.09372728,57.27218826,2031.533994,1.491218625,0.193312742,65771.93727,114.4092958,58.9202598,112.5064066,46500.06444,0.685435961,2.109957683,1.54384309,5.667064001,10.84536881,1.724296204,0.354074675,19.81143568,1.490458094,0.101425753,0.072380246,0.051272778,19.77702107,0.012264604,9.343653304,2.379483635
A10.8,80,Ulti,96.04413777,320.9690139,66.65895463,55.26883602,2123.410361,1.530474915,0.180401808,66612.97369,117.3285689,60.18967313,118.2786174,47927.53513,0.732364659,2.235572124,1.63557432,5.466429816,11.11045218,1.701034721,0.349285658,20.13244901,1.469309635,0.106259387,0.060761149,0.045119581,23.07124734,0.011833479,10.155274,2.660155599
A10.9,90,Ulti,95.43535589,314.5173772,65.89097991,56.63643924,1994.056962,1.453984588,0.174925797,65810.46062,113.0537224,57.92835916,114.9983003,46509.43281,0.698534696,4.640502034,1.290203324,4.886302101,10.66901748,1.733157017,0.344072053,19.98809901,1.435751276,0.095568886,0.062255116,0.050529337,19.75305484,0.012730728,9.336868257,2.340897649
A10.10,100,Ulti,94.82854049,311.3268365,68.09811696,57.03898099,2013.225627,1.368691091,0.184671917,69427.07719,117.0767678,59.71154987,110.0299423,47929.74902,0.649263319,2.097670386,1.495361621,5.987101918,11.1256926,1.724964796,0.345300252,22.5468799,1.470594652,0.094699242,0.0585905,0.051929952,20.49466577,0.011602781,9.741829223,2.334508997
B1.1,10,ADE,361.2334841,1301.94713,458.310014,1792.760522,1500.18905,2.650169491,0.202047147,41345.24389,76.54896652,42.13579681,273.3260488,32197.96433,0.938636158,3.521472618,8.813819831,32.19104172,6.997228987,1.061158548,5.945445645,30.28264933,1.115592968,0.076673473,0.528062703,0.479705258,62.76584446,0.072634261,6.81186919,1.716423191
B1.2,20,ADE,333.6614056,1395.556875,521.882679,1198.128723,1548.031411,2.988411779,0.235508193,49231.18236,81.21746295,44.78042894,290.3513927,34926.20277,1.025219537,4.322543834,9.625312586,36.00850245,7.301141039,1.139894725,6.271025945,30.51418963,1.113453859,0.086894926,0.59874518,0.576563925,61.71794328,0.080302723,7.499525068,1.90970066
B1.3,30,ADE,349.9805612,1695.378051,606.8822443,956.5145157,1937.495398,3.443740782,0.282964977,54942.56398,95.55792966,52.58245832,280.2991905,40421.99757,1.177170049,9.96794912,11.56123798,38.93837909,8.7890782,1.207239804,6.542591704,30.97463066,1.346480887,0.110179426,0.606471017,0.635764805,65.81450049,0.090325405,8.766579486,2.272922673
B1.4,40,ADE,303.4391419,2153.27993,581.3772351,698.5130455,1868.837287,3.327827963,0.293872662,61674.83446,104.3927932,55.81677384,186.6834043,44030.35078,1.029225215,4.663155154,11.15530477,33.00313162,9.761415642,1.146812135,6.055894889,30.98889094,1.472784786,0.107309959,0.504663458,0.618214643,72.08549275,0.07399003,9.099153038,2.27769008
B1.5,50,ADE,244.3395608,2272.062362,413.2940099,543.7401117,2049.360614,2.841171383,0.27448141,77200.56632,128.0509892,66.1395301,136.4453921,53589.98326,0.916918222,4.536546354,9.539812682,24.87249419,12.00747988,1.277641156,5.098570055,33.87242631,1.783932207,0.101454658,0.321907471,0.529961343,70.1094805,0.056905313,10.61748828,2.282140467
B1.6,60,ADE,184.6360856,2065.439081,288.4191551,337.8746467,1997.193265,2.469164388,0.270790833,78094.04865,134.187348,67.21481183,114.2366427,55345.68125,0.795508915,4.044235468,6.695650252,19.49045596,12.75289399,1.316335872,3.836981606,30.76358607,1.853529977,0.092548725,0.222242058,0.409760819,52.27460988,0.041932672,10.45684584,2.203272037
B1.7,70,ADE,160.0937593,1979.157725,256.2886044,289.4596305,1962.649141,2.411366321,0.26087695,76069.0764,137.663586,69.50143709,105.5543131,55846.90721,0.776444121,4.547791694,5.773405481,17.14182067,13.52281214,1.389635542,2.922228931,28.6993298,2.029530684,0.096018926,0.194673369,0.299159193,46.16828511,0.037944025,11.81766738,2.205161619
B1.8,80,ADE,129.0334444,1921.972937,189.4165296,172.6661611,1981.217828,2.070883266,0.24414996,78039.52931,144.2327576,70.8540989,86.72261924,57469.78741,0.713926473,7.312729702,4.488141348,14.07070462,14.63783105,1.433882151,2.09888959,26.99297997,2.051306252,0.089489848,0.121943406,0.198854566,35.60230149,0.02894286,10.85602266,2.105034782
B1.9,90,ADE,122.0458484,2052.320295,220.2645737,189.5255267,2060.968297,2.15056101,0.23769327,73274.11887,144.4237112,72.88482962,102.9694949,57590.07851,0.773645142,4.016469571,6.126067428,16.34959043,14.53625243,1.470699965,2.480137034,25.09900297,2.099294169,0.090793491,0.151043966,0.246397351,38.85297672,0.034126766,11.04482161,2.175142978
B1.10,100,ADE,107.6541964,1993.798752,184.5275359,135.1404945,2064.959192,2.084034237,0.229180429,74637.8872,148.4407522,73.79569648,90.0274357,58363.57389,0.747315928,3.96133798,4.340512072,13.99947894,15.10389387,1.492138939,2.170299987,24.41582951,2.210655659,0.105880621,0.100967003,0.20151351,35.80415566,0.030195256,11.27445694,2.227515494
B2.1,10,ADE,375.7849504,1318.477465,589.0718048,1701.659208,1661.428893,3.230411865,0.245195629,42493.0056,75.31070566,42.80852592,372.8595953,32841.10356,1.177333698,5.033576811,11.49796465,47.19509262,6.772853292,1.06563127,8.283381655,31.9328879,1.108963685,0.094441552,0.831045768,0.60967904,87.25430611,0.100206201,8.017236476,1.951977698
B2.2,20,ADE,370.9415515,1377.342089,622.9348025,1249.894222,1748.005055,3.442641015,0.261103894,48023.4006,81.98114495,45.97728217,383.1294771,35689.50134,1.256801514,5.266684721,12.35836912,52.3801589,7.505171073,1.094834506,7.948385005,31.04520731,1.159386581,0.096617055,0.937965891,0.67816832,94.4115032,0.106894989,7.892686279,2.038784028
B2.3,30,ADE,347.3335987,1409.756025,580.8901897,957.5826315,1577.014588,3.205981996,0.245487199,53966.98383,85.36514638,46.57039967,259.9986181,37114.27323,1.094448069,8.006595357,12.6236744,45.88627948,8.291688877,0.901234536,6.178771802,29.78421022,1.112137222,0.085881404,0.784884968,0.540338423,87.19429129,0.069547888,7.778388206,1.852356243
B2.4,40,ADE,340.8277422,1664.399625,590.994968,930.555731,1849.615905,3.67472045,0.295571897,68966.50973,114.0123854,59.77195787,259.8147124,48697.732,1.167573954,7.252636636,12.22794654,46.70934923,10.84894724,1.173219397,5.359494821,34.76783717,1.557486997,0.103634108,0.707632754,0.506702498,88.42404079,0.072149548,9.532784647,2.208472957
B2.5,50,ADE,309.73886,1595.319399,488.1268764,844.1878513,1841.120342,3.376956883,0.273557504,66796.5491,113.914562,59.37329061,258.3373739,48285.24052,1.087153033,8.669612855,10.97977024,41.39666391,11.08761084,1.162540848,4.593117215,32.27401285,1.520627284,0.092557022,0.633653545,0.459458726,77.34578772,0.069689574,9.649066173,2.12961311
B2.6,60,ADE,255.7868025,1553.502841,453.4131576,639.2055178,1693.884557,3.109175747,0.268271788,65065.17283,113.9829157,58.86548537,232.8050432,47947.97741,1.018318705,5.217025489,10.50710448,41.05902661,11.09521558,1.123044539,3.593941178,30.15004111,1.67110891,0.095008185,0.554601496,0.369526097,76.24833045,0.061877653,9.588888951,2.010310609
B2.7,70,ADE,250.4233135,1793.210278,454.3590278,630.4827538,1901.553755,3.286418033,0.292274199,73685.80322,125.9385639,64.77640476,253.5744704,53014.62907,1.072182747,5.404940447,10.9072247,41.17311354,12.34800247,1.216949206,3.538228205,32.8277751,1.733314354,0.098593065,0.601195077,0.367048136,70.79361797,0.062228968,10.59727318,2.235755857
B2.8,80,ADE,223.384264,1768.017677,411.1661799,556.5128439,1951.358526,2.875918853,0.278593385,79199.42317,132.1904065,67.35762166,200.3342959,55831.9266,0.979606321,5.013947135,9.522083084,35.87191501,13.23753628,1.265095807,3.69935723,33.43342941,1.742483001,0.097114523,0.506626842,0.35222803,66.37190788,0.050099508,11.05546945,2.244723521
B2.9,90,ADE,135.9493475,2027.766786,217.7445075,198.5474834,2104.3998,2.231188002,0.259302123,80306.47076,147.1804128,73.33162879,98.42147176,59217.04033,0.800737428,4.444142003,5.564782312,15.8193984,14.8111949,1.487026392,2.422762204,28.27124189,2.107314703,0.098647244,0.168397731,0.230105704,40.51999332,0.034155922,11.05348155,2.324864297
B2.10,100,ADE,245.6610857,1719.351531,438.8018878,639.8967555,1936.714307,3.001607794,0.277600164,77138.59777,127.0276466,65.67381024,228.7925659,53437.09908,1.040872223,5.846787717,10.0098139,36.27840741,12.5010961,1.203614609,3.629422512,33.36623905,1.740048798,0.099933789,0.48359546,0.373669443,64.71246669,0.056239722,10.60915498,2.134196065
B3.1,10,ADE,453.4302721,1652.28454,671.5039279,2355.339219,1354.648132,3.238828786,0.215834876,35602.97633,65.47666751,49.28398872,414.3406186,28265.84118,1.316011985,3.826366572,14.32651035,56.43875281,6.018579128,0.994360375,8.666951041,32.44213641,0.938426498,0.080953791,0.8601581,0.588715081,93.39881785,0.10588939,6.582240394,1.90324568
B3.2,20,ADE,435.9564209,1740.757017,708.0765848,1660.321239,1660.26943,3.56617274,0.238366373,37788.60021,70.00342129,53.70823494,420.0884987,30042.62047,1.327168945,4.520980274,12.79903279,56.71534367,6.259396482,1.036277365,8.93417174,30.16697776,1.043315132,0.09435364,0.889692427,0.667041278,89.99175278,0.109312398,7.207729954,2.06547802
B3.3,30,ADE,411.9222418,1651.808702,710.0338279,1360.38853,1789.599992,3.659541023,0.24146413,41545.62331,75.51512407,52.73416522,439.9458146,32476.90776,1.450424942,4.646460388,13.1996143,55.57112977,6.79545365,1.061589621,9.133789129,29.79461967,1.375578278,0.099367036,1.097180566,0.70664289,92.91943311,0.113045169,7.606237203,2.228106095
B3.4,40,ADE,403.7744796,1954.477767,746.8631829,1378.154209,1732.622204,3.720027705,0.248397451,43842.42337,77.34056941,53.51951753,407.5577988,33277.63666,1.36486075,4.433952578,13.62808498,56.10804744,6.948354692,1.067885427,9.559577076,30.8176408,1.105390485,0.093398898,1.010201679,0.739664091,101.4180044,0.113244663,7.933502847,2.124374546
B3.5,50,ADE,410.2204643,1887.450471,704.30681,1374.376233,1665.956076,3.593447989,0.262911008,43604.12616,75.08879728,48.84491333,391.6558786,32484.50059,1.359050158,5.025504153,12.86539079,50.85054833,6.90270714,1.010055809,9.242411186,30.69032018,1.172767403,0.086816412,0.940326224,0.7600772,92.51136697,0.106778482,7.370894563,2.056646245
B3.6,60,ADE,381.7492789,1800.494257,696.1190814,1083.359506,1701.495802,3.593638838,0.244157419,46453.93154,78.97154757,47.85673043,381.0213105,33792.27246,1.327165548,4.138993432,13.01739143,46.54051005,7.21321885,0.973888252,8.802636462,29.9421333,1.135584781,0.095822763,0.827947473,0.745081314,86.441441,0.100889761,7.638005933,2.130186472
B3.7,70,ADE,312.5269934,2024.563702,550.8758205,781.749007,1894.846914,3.68539033,0.274741807,56745.9851,105.518969,57.72378735,342.8482836,43993.37844,1.337815907,4.544914693,12.9923523,40.53660357,9.495031424,1.194541521,5.399828189,29.60265183,1.68294322,0.100703855,0.672281143,0.511368473,74.00589209,0.090555301,9.296390757,2.245614972
B3.8,80,ADE,154.4887812,1994.67161,251.1867819,287.6315289,2102.63351,3.696746286,0.260760038,72704.88376,142.9653203,71.73141359,192.0093021,56888.51641,0.917459425,4.572796418,8.774592769,28.53531144,12.82969648,1.412133367,2.0943584,26.69552141,2.124206702,0.09988262,0.318698974,0.270897591,46.56660365,0.053069157,10.88277276,2.318960035
B3.9,90,ADE,200.4692592,1894.709742,291.0410659,452.7513161,2063.273931,3.617348978,0.254607662,78039.54149,135.7405971,69.18706445,226.0457967,55027.1747,0.950683721,4.344607716,9.24428251,29.34854481,12.40916117,1.344171861,2.937597939,31.58603946,2.004372579,0.102095942,0.422126518,0.349176009,52.21176589,0.068129211,10.62828946,2.369181601
B3.10,100,ADE,148.8885448,1809.538536,192.4802383,267.9351183,2141.924342,3.404662587,0.241769476,81879.60326,149.2325163,73.78694009,173.0135971,59700.95696,0.842259692,4.479974747,6.974848556,24.98719268,13.70093653,1.423194931,1.807855221,30.17927712,2.170517029,0.092363374,0.29035519,0.239031468,42.37939693,0.052298254,11.0268355,2.321199047
B4.1,10,ADE,447.1092098,1598.171309,646.1690094,2208.345048,1388.130972,3.420205826,0.207006147,34666.53929,62.86924837,40.57471146,382.9288875,27395.96568,1.193335312,3.857186018,14.02081818,50.51416732,5.666593383,0.842409071,8.02561166,33.08337784,0.932453564,0.076725186,0.759253733,0.593612271,89.25707515,0.089189777,6.088443241,1.786100863
B4.2,20,ADE,469.3440609,1687.40747,735.1227803,1904.261104,1524.215429,3.845521629,0.252779738,40373.3869,70.88047455,45.57877547,414.5234852,30838.90137,1.333767994,12.44559137,15.49871557,59.14866441,6.456972766,0.926478875,8.539213512,33.40633978,0.971063889,0.086185923,0.908565258,0.652466061,97.26863171,0.105587842,6.875748193,2.035017922
B4.3,30,ADE,475.2628241,2220.571151,808.1250894,1849.133789,1647.115073,4.480385517,0.302970807,47210.26777,86.76222897,48.30390599,360.1615789,37751.01118,1.457826809,6.287428715,17.43945072,65.70776039,7.799387872,0.925813191,7.848792187,35.2267482,1.200075446,0.099321125,1.10462764,0.694857531,116.5302248,0.09995053,8.127412487,2.042558839
B.4.4,40,ADE,445.1581865,2371.059399,768.5203255,1639.75128,1780.910254,4.618791642,0.306097128,53052.74939,95.46623593,52.29796539,343.1462991,41785.11478,1.43449673,6.241724872,15.81539155,61.4113339,8.760165479,0.914878068,7.43748054,36.40504608,1.29568861,0.093792986,1.015936566,0.681654576,117.0405351,0.090900436,8.786122399,1.990301283
B4.5,50,ADE,410.1603185,2206.132848,745.4198167,1678.321622,1593.990958,4.436546082,0.29065879,48121.9091,89.15094881,48.1132411,298.9277279,38418.88564,1.327118155,6.054405886,14.57413233,54.94260665,8.090077796,0.872913728,6.786818656,34.3989444,1.212131547,0.096064694,0.880544651,0.610322202,108.4817082,0.083936703,8.263819958,1.950916208
B4.6,60,ADE,409.2579617,2201.439438,766.9242233,1626.504045,1497.314347,4.416683761,0.294365082,49107.19464,86.40361454,46.20229745,312.3589293,37531.78619,1.280593976,5.412131979,15.39293979,52.91129795,8.102656478,0.81692919,7.223117459,35.43029879,1.175009428,0.087730985,0.877678231,0.670035749,105.4221698,0.086802769,8.097482435,1.85662039
B4.7,70,ADE,410.6232441,2396.691588,723.7220238,1721.316843,1464.721051,4.245101245,0.285007157,48059.23683,82.44958807,44.76802042,331.6168378,36473.10171,1.334589595,5.913354033,14.30158753,52.54345754,7.882498245,0.767375563,7.390912793,37.52210259,1.106361099,0.07815343,0.80995446,0.678025078,100.3053925,0.082669274,7.413957656,1.821667741
B4.8,80,ADE,509.8366377,2504.70282,958.5220692,3141.191569,1326.498282,5.39140817,0.341102762,52389.12567,90.63261164,49.46848989,478.6991063,40212.46101,1.510284508,6.234115669,18.45836136,70.16998278,6.890954829,0.722994757,8.736756061,59.68646943,1.141229842,0.084167481,1.353315748,0.804116648,131.1447693,0.116749987,8.416314436,1.883480272
B4.9,90,ADE,811.8638656,2402.358472,1794.071906,2832.018703,1252.427102,8.649087882,0.4762455,56013.49524,97.20115029,52.16812198,450.4068598,41426.73151,1.923254035,9.164153323,23.09437175,90.03611875,6.136110415,0.666454494,13.75225345,64.2187201,1.162187459,0.092823415,1.249266346,1.3617938,178.4659814,0.153111523,10.16458569,2.121814911
B4.10,100,ADE,372.9849945,2091.168813,742.6756881,1246.134009,1757.106695,5.836989356,0.300397821,56509.11064,98.42281835,50.37962333,297.3543709,41921.2898,1.253712989,6.213235658,17.59985772,63.09384047,8.997329403,0.852652547,7.312503958,40.16433793,1.333802716,0.098973783,0.648446944,0.663043862,79.25167878,0.08318084,8.712265955,2.037575862
B5.1,10,ADE,366.6625779,1188.186668,584.6078335,1534.684503,1560.104113,3.05925564,0.204756734,31370.59973,61.74530646,39.1683805,382.5886482,26624.72566,1.151971384,3.673737887,11.3009853,44.40802371,5.476869247,0.885910781,8.295697101,27.514357,0.859941894,0.086858786,0.725061295,0.529649677,74.5866929,0.092423801,6.132182764,1.839986822
B5.2,20,ADE,375.095932,1337.544519,626.655058,1545.66332,1707.329514,3.284531273,0.220965296,34619.28971,67.62351479,42.03949941,395.5717202,28807.29872,1.409264532,4.499619141,11.174804,51.225428,5.843545609,0.941387857,8.583297997,28.84456241,0.970345402,0.083664312,0.836550199,0.575409729,80.41203706,0.102501967,6.80076052,1.934742616
B5.3,30,ADE,447.0299011,1957.961732,723.682015,1166.594344,1849.155661,4.024745006,0.285784786,55908.30793,91.66332374,50.86222807,368.8755814,39585.78288,1.360864597,5.202402297,14.45340527,54.19045155,8.288349816,0.996554431,8.103368463,34.87438473,1.347807405,0.102286501,0.84767182,0.765221579,90.77644567,0.095576714,8.264371794,2.272314905
B5.4,40,ADE,439.8654901,1949.934105,688.4584913,1004.510315,1891.070499,4.203983873,0.297205561,63678.84632,105.2599901,55.75663266,305.6694208,44951.50473,1.269373248,5.592701623,14.01466351,53.67446076,9.629176026,1.062508608,7.490056776,34.7047879,1.456281261,0.11516483,0.814536546,0.742894622,82.51447607,0.084935922,9.202848077,2.42304522
B5.5,50,ADE,434.9542116,2257.712723,701.6534404,1134.882521,2132.562252,4.180657933,0.296996932,68419.80122,117.1915833,61.54696038,316.9961398,49408.41859,1.365188987,6.028515045,13.69754344,56.00108505,10.6187266,1.128982241,7.590061819,37.21196128,1.678534218,0.10784159,0.856061253,0.665276607,94.04884518,0.085681591,9.831744554,2.282981894
B5.6,60,ADE,440.6394768,2192.604815,714.5332111,1317.677559,1899.381696,4.171110954,0.307169143,66105.90055,111.490472,58.41767932,290.4712278,47769.68699,1.30075107,6.700936803,14.91307906,59.37913716,10.24457413,1.061082886,7.86265677,38.73772288,1.509417824,0.097586666,0.922676468,0.694851366,98.00063864,0.083857201,9.493093318,2.04944642
B5.7,70,ADE,410.9346617,2183.044545,678.3679508,1326.393898,1901.263078,4.260051865,0.30389265,66030.92978,113.1938277,59.05015861,294.1135272,47413.09636,1.239693157,6.558901331,13.73250816,55.84093901,10.45630071,1.117482336,7.296537697,38.77521882,1.601452792,0.103396105,0.946471082,0.625866949,92.91213237,0.083011508,9.564724416,2.192615175
B5.8,80,ADE,372.5884865,2208.624558,603.6487066,1651.888148,1778.880613,3.84768781,0.277443229,66317.16651,109.6284853,56.61268804,271.8182384,46333.85976,1.158819425,5.478150046,15.04875226,57.72615185,10.10414898,1.049637186,6.636822845,42.02848407,1.497698154,0.090593187,1.085140352,0.579279359,102.208328,0.076885438,9.03670862,1.854105697
B5.9,90,ADE,421.1982089,2505.274945,775.1388147,1529.572245,1826.031991,4.372915918,0.326225354,68299.51069,116.4344602,60.17911962,245.1062614,48064.16006,1.270323882,5.62539989,12.91221183,51.67991606,10.80823043,1.145169564,7.865127636,42.28902843,1.60661762,0.093249429,0.830615901,0.703037095,99.76315278,0.079786753,9.595388921,2.130187247
B5.10,100,ADE,191.3047994,1808.279503,308.2980166,634.4233602,2087.792623,3.268904955,0.251738269,76977.95607,138.7984698,70.98350718,162.4761741,56159.03439,0.894409737,5.627479722,7.446662428,32.91148037,13.38726833,1.36407042,3.104579466,32.96319727,1.964510811,0.099901065,0.322298728,0.296541249,50.12267418,0.041688627,10.34996319,2.272024408
B6.1,10,Ulti,127.2746247,336.251691,120.8202041,389.4237659,1327.967525,1.276025099,0.103713142,36456.79706,65.29558477,33.1844178,98.82256608,26558.58911,0.506798497,2.481760078,1.901182103,5.195398575,6.213138476,1.080078651,0.655827028,14.91243832,0.795646864,0.053878476,0.062361301,0.054561732,10.72402101,0.01286457,5.014234943,1.468277819
B6.2,20,Ulti,115.5740059,363.6827229,107.7210779,115.8763377,1735.660862,1.532039202,0.158788389,51122.71547,84.82885453,44.35037185,109.738533,34600.78492,0.634463177,3.156280425,2.210608862,6.015253462,7.843302178,1.458197173,0.576171512,17.61144814,1.067413937,0.074310883,0.074579983,0.062948659,13.12173022,0.011341049,6.829925087,1.931475397
B6.3,30,Ulti,127.7831158,398.8140602,110.5793844,101.3512318,2136.882098,1.62918741,0.201992771,61774.07121,103.2894012,55.17970564,129.9521738,41747.60703,0.778455372,2.417339764,2.765920537,7.728988651,9.4198967,1.753013262,0.546576317,20.21951537,1.385811211,0.109992718,0.078966964,0.063687512,16.02635719,0.014287659,8.505290585,2.676838919
B6.4,40,Ulti,127.3578817,408.2657775,104.3355798,87.24524968,2219.910606,1.667179259,0.197460552,66403.07093,108.8011859,59.51329243,136.0809829,44474.73047,0.779155511,2.290846214,1.842410163,7.514351349,9.898110475,1.809280686,0.532779585,21.33633317,1.445667445,0.10762511,0.06928266,0.072802843,20.10072658,0.014867895,8.918254205,2.562065568
B6.5,50,Ulti,107.3051144,411.4293361,101.9273105,84.8974063,2080.3875,1.470950227,0.206934554,68820.55279,120.8406824,63.97879744,103.4866212,48558.18384,0.749350467,2.523598115,1.959392926,7.862807593,11.10293739,1.718191685,0.509009125,19.77707501,1.666787326,0.095865704,0.067290971,0.067459579,17.73151623,0.013845356,9.314644724,2.413763017
B6.6,60,Ulti,121.9992818,395.9054567,98.0092867,122.3441929,2228.1482,1.597556037,0.221743565,74245.9244,125.3161043,65.72322683,109.039505,50573.96203,0.738593341,2.522827486,2.161313786,7.198678692,11.61745982,1.71361482,0.471611625,22.1749799,1.68709735,0.099462285,0.067308889,0.069460909,18.20031042,0.014856176,9.669637869,2.517545877
B6.7,70,Ulti,102.1721813,354.4752245,93.52725832,83.37688581,2018.550834,1.416365018,0.185562842,67580.05163,118.3621867,62.35800896,87.55015888,47149.37957,0.651747888,3.378014125,1.862953233,6.933199218,10.93084102,1.580737349,0.444765728,20.28100981,1.617076682,0.091718162,0.068332664,0.064270339,17.47423697,0.014069126,9.243823813,2.313933511
B6.8,80,Ulti,120.0967641,366.495656,96.89191599,109.711351,2172.578693,1.460818811,0.206864784,77471.87143,125.7913353,65.95996144,94.46919989,50942.99771,0.706218868,2.495272239,1.359303548,6.454476466,11.59815155,1.679303353,0.473783609,23.2535933,1.700968126,0.100122975,0.060893802,0.071234911,19.09023681,0.01506613,9.72427553,2.471930629
B6.9,90,Ulti,119.5589222,370.7668234,137.3139003,113.100706,2218.697475,1.532632586,0.222907166,79343.45862,129.3674846,67.95856112,98.52062284,52058.99703,0.719494942,2.458382672,2.597853883,8.113693844,12.16159015,1.659213996,0.494418775,23.38223165,1.771988822,0.102022913,0.068235308,0.074455472,19.6438643,0.016655147,10.03018107,2.561725344
B6.10,100,Ulti,118.1391173,339.3308654,103.6366966,97.94242764,2185.983029,1.460761248,0.211754701,80792.68662,129.1097091,67.4866891,97.84891461,52115.08852,0.736170636,3.382290556,2.171879987,7.6963565,11.94459107,1.576791184,0.510298329,23.55323591,1.75985677,0.104033752,0.063199536,0.071653484,19.57011093,0.016366428,10.21836496,2.528209184
B7.1,10,Ulti,79.29879708,338.7133287,112.3591595,61.92670218,1661.293522,1.362502656,0.147750692,46180.36438,86.69445246,46.06529955,99.90006078,34656.03256,0.583376536,5.168799201,1.287475085,5.480221635,7.966006889,1.460576501,0.529747368,14.29912033,1.092204318,0.077511566,0.058017187,0.059825753,13.21699155,0.012639935,7.36181459,1.795189556
B7.2,20,Ulti,105.784093,356.9475559,117.8142472,72.7077784,1942.918123,1.517673507,0.162335602,58237.41819,98.13156893,51.99366918,118.1681834,39774.96525,0.678077444,2.129930502,1.184236781,6.177455895,9.131108265,1.639306193,0.575373741,18.43334714,1.29649746,0.090023007,0.065969404,0.061890606,15.05396229,0.013597392,8.685180746,2.17465741
B7.3,30,Ulti,110.7341948,372.6052724,119.4383412,75.00523529,1990.315292,1.548436294,0.189166397,61293.95171,104.4595455,55.84334076,109.6529919,41885.43074,0.679577808,2.327204191,1.407383399,6.311802426,9.781660523,1.730249346,0.566587739,19.14386697,1.351417914,0.092411024,0.067543455,0.069091924,15.70265722,0.013813858,9.095371383,2.323958204
B7.4,40,Ulti,106.7575071,380.8833483,118.0094604,66.11107349,2077.637324,1.529013757,0.199426076,64012.10728,109.7497227,58.29089253,110.4325048,44093.43979,0.715387539,3.020054509,1.312983959,7.98739844,10.06812534,1.827846161,0.573713236,19.60458631,1.427234652,0.100991849,0.061868499,0.071709241,16.97100269,0.015467574,9.075512208,2.376914503
B7.5,50,Ulti,116.4722179,390.9051559,117.4813087,71.70062789,2207.789357,1.537949723,0.213075053,73274.12586,122.1698466,63.97999598,108.2428842,48851.5039,0.749556519,2.567165125,1.468021363,6.768499588,11.1515388,1.752495603,0.576966287,21.30988896,1.586481971,0.104880141,0.062671145,0.068654987,17.97302225,0.015615804,9.707866437,2.466793014
B7.6,60,Ulti,121.0039869,398.198994,113.7433783,73.24729431,2259.556077,1.458907634,0.220145536,81520.48037,130.2590095,68.27248219,106.0045275,52735.38185,0.748783629,3.364664437,1.684275649,7.363077035,11.84442414,1.741593602,0.570677533,23.31756932,1.662581999,0.108234451,0.06164367,0.074616971,19.41226069,0.015197251,10.33433969,2.580485868
B7.7,70,Ulti,95.79337145,357.1612284,109.0196309,61.05486911,2050.972854,1.424670373,0.216722342,71360.32932,123.0113562,64.3242278,92.17863295,48989.45436,0.704110181,4.335888605,1.585928721,6.796487908,11.29317811,1.622414259,0.505917271,19.75741788,1.604355622,0.090040907,0.057948307,0.069011525,18.11984955,0.015258673,9.622386441,2.296651866
B7.8,80,Ulti,102.9689518,357.9629287,108.1855489,68.43325349,2169.177786,1.46082798,0.228142497,75509.30958,129.9225242,67.95007501,94.320343,51589.75864,0.707118504,2.87652094,1.435065398,7.058406578,12.01202448,1.675925242,0.516642739,20.91647338,1.739508871,0.101400576,0.069818827,0.066066075,19.41597716,0.016470059,10.34629761,2.503398878
B7.9,90,Ulti,93.71390435,368.1157933,109.4031994,56.86157223,2164.792301,1.42752785,0.223184522,69029.98396,128.4111932,67.80330867,92.25696938,50020.43342,0.715580567,2.908342155,1.588720888,7.057372286,11.69903502,1.717911919,0.519782014,19.15874031,1.716712836,0.095876515,0.068430871,0.061949665,18.69764518,0.016992135,10.3333253,2.446923685
B7.10,100,Ulti,106.3599541,356.7597624,107.6797057,68.12065994,2196.39282,1.439948801,0.232262957,81135.25101,131.905482,69.38042609,82.584473,52889.48089,0.699623161,2.992475648,1.559103214,6.437602659,12.46691371,1.624822871,0.482486388,22.56470622,1.749232471,0.093846594,0.057674334,0.067021899,19.40033981,0.015722242,10.45025542,2.375062608
B8.1,10,Ulti,104.0134645,400.8561834,151.488124,113.6044847,2040.091823,1.368471504,0.204489434,67759.62107,112.1668644,59.30912513,103.4130853,45100.79008,0.721692596,3.479746359,1.588311799,7.112162509,10.39250816,1.776892704,0.718873293,19.56350414,1.447101629,0.10992277,0.078471518,0.078050127,17.57317485,0.017375109,9.67467041,2.527085762
B8.2,20,Ulti,126.9457909,418.6766575,158.5813917,86.62227172,2237.05641,1.406425258,0.223428856,78762.87637,123.770949,65.15458508,119.3663216,49908.12068,0.774830077,2.585070487,1.588044624,8.654748287,11.29394584,1.926935795,0.77691458,22.72812958,1.543304876,0.11231446,0.085143234,0.089462067,19.88804456,0.01848363,10.64505886,2.681470669
B8.3,30,Ulti,104.8890487,397.7772099,153.4290464,69.00930755,2149.661446,1.401268783,0.234096347,73528.72401,121.5577384,63.27668158,112.3775209,48793.51256,0.757442109,3.55092509,1.608911464,7.657860226,11.18088506,1.906926563,0.731865349,20.30234934,1.552396617,0.117488967,0.081359884,0.069972791,19.40690424,0.020079189,10.67326213,2.528623048
B8.4,40,Ulti,107.9424617,422.2602128,156.4744894,72.63518892,2275.361147,1.513120102,0.248241915,74758.15345,125.786404,65.90549474,113.6881075,50305.053,0.780297378,2.625798762,1.695000634,7.727321356,11.57117363,1.916447656,0.738556489,20.62340949,1.636062823,0.121586447,0.080231031,0.084649506,19.77657516,0.019359111,10.83327909,2.628008367
B8.5,50,Ulti,94.72916981,404.8393329,143.6550795,52.88402595,2134.355918,1.417465942,0.220199972,69842.16021,120.8896784,63.74436116,106.1051328,47963.25294,0.744461719,4.747677916,1.80717991,7.444253828,11.09611552,1.855764877,0.718176382,19.14563781,1.519199119,0.101348461,0.067299897,0.075800946,18.59088569,0.01826933,10.34999415,2.43225835
B8.6,60,Ulti,117.5544108,408.7510855,145.7075058,94.95785935,2225.532121,1.383535715,0.231163628,78606.60808,124.457343,67.85969555,125.776688,50587.58054,0.806663895,2.689424859,1.298200303,7.156832802,11.71012576,1.869424637,0.710084667,22.15827301,1.587475731,0.104713995,0.062735857,0.080660278,19.46340733,0.016828114,10.70420832,2.419495362
B8.7,70,Ulti,103.5295214,407.0011389,148.6863817,61.92334697,2249.035819,1.415892842,0.226792286,77894.77249,127.3035707,66.96272063,103.8382921,50873.30525,0.735714062,2.713548643,1.89921532,10.71786373,11.826103,1.91035422,0.714890834,21.025733,1.628223285,0.10374322,0.071244975,0.079009991,20.1559885,0.017302614,11.02735306,2.444999552
B8.8,80,Ulti,94.01403899,356.7915689,156.8315119,64.19529916,2192.057352,1.310457141,0.249288321,77146.80094,130.6623041,69.53100151,90.75304565,51321.65523,0.70996389,3.192369275,1.450888998,7.169169611,12.26916793,1.836649566,0.689093907,20.1768548,1.691686489,0.107467334,0.064318146,0.075740408,21.03190021,0.017433993,11.62157786,2.440957661
B8.9,90,Ulti,105.2825101,357.6564767,157.0692776,67.24697673,2213.450717,1.319027916,0.249521642,81922.72759,131.7284283,70.01342835,95.21641698,52493.45808,0.744240654,2.982788049,1.786831205,7.252470708,12.27201877,1.777812359,0.761053412,22.56420265,1.652126297,0.105869387,0.061776212,0.078253135,20.97174229,0.018368587,11.50436419,2.412383482
B8.10,100,Ulti,93.09539844,316.7123811,175.1141433,52.50335052,2242.446165,1.345562746,0.261599449,82086.02748,135.213861,72.48592477,85.07285977,53390.97781,0.740970183,3.010089594,1.870729461,6.995341329,12.83573472,1.678824333,0.832508622,21.50070469,1.686881458,0.101652272,0.064655436,0.083126423,21.23816237,0.019130458,11.57402848,2.414143758
B9.1,10,Ulti,101.0094048,390.6121427,148.2443431,86.44887049,1759.857227,1.328425495,0.175279374,57216.01251,93.74798964,49.69333673,113.1000319,38411.31271,0.649842779,1.998140402,1.787379885,5.223495933,8.750693685,1.423422703,0.781961761,17.11731908,1.156273801,0.080914937,0.055988221,0.085804033,14.71626561,0.013487096,7.926815645,2.128976581
B9.2,20,Ulti,111.4863805,386.0121172,157.4441121,71.40619946,2079.905131,1.436223233,0.208871802,67959.15337,110.7084284,58.10723054,115.8133637,44663.27309,0.705018703,2.340000203,1.382402849,5.891592028,10.37667775,1.731584357,0.833243864,19.98626414,1.410092653,0.102962167,0.069154659,0.084311777,17.89670172,0.016748041,9.83657115,2.349977674
B9.3,30,Ulti,117.1474935,399.0041451,162.3263826,73.84110551,2211.89799,1.446140225,0.237319984,74176.39226,118.2760308,61.97975141,116.0014314,48311.39822,0.753197274,2.787879367,2.376916234,7.140639317,11.12652065,1.800270521,0.840435208,21.35348627,1.490895228,0.104552974,0.085711063,0.087131488,18.82424296,0.016602696,10.65699762,2.560243779
B9.4,40,Ulti,102.1046093,371.8343284,152.9406167,64.62995129,2101.637161,1.4334,0.223210428,70481.42299,117.5009798,62.30101338,109.5858781,47691.47604,0.741057766,2.597102346,1.760385788,6.674297625,10.94108609,1.827340166,0.746613811,19.42130141,1.504035052,0.110468037,0.081095502,0.084834809,18.36214769,0.015612299,10.50144644,2.430437097
B9.5,50,Ulti,103.1493495,228.1587267,110.6296981,84.3162188,2345.781487,0.926557737,0.170741646,75888.90902,103.1795027,54.71762287,81.39752847,55360.89281,0.5725795,1.235827024,1.79663028,7.800380393,9.416577985,1.838581119,0.689133726,23.2091778,1.59183105,1.09915707,0.099822529,0.084001551,19.94541145,0.011420098,7.025619587,1.686699102
B9.6,60,Ulti,98.13486342,209.8287391,104.3479774,77.8036647,2540.573768,0.903093302,0.166484996,77385.44202,105.5668727,56.77313317,101.1237091,56093.00322,0.579507625,1.226555139,1.641274729,8.103913083,9.829017763,1.768981829,0.676571856,23.3519639,1.648245347,0.533331731,0.090341212,0.082018763,20.07937452,0.011357913,7.09770139,1.684987393
B9.7,70,Ulti,97.17651832,214.4512576,115.9080288,87.23159425,2477.256987,0.910979387,0.178245841,78190.13928,108.3983189,57.07130032,79.54828007,57028.65258,0.576236776,1.510509605,2.103568549,7.763502523,10.26127687,1.723608474,0.731802304,23.45961147,1.684769688,0.34309499,0.081630503,0.089284329,21.13758696,0.010890128,7.218226198,1.7841579
B9.8,80,Ulti,82.20082513,180.980889,115.7463495,61.98590014,2333.237941,0.814630509,0.169575348,74310.81524,105.078633,54.74023924,75.56450374,54628.99277,0.527645608,2.218032664,1.419372649,6.850189653,10.0227557,1.583432288,0.743213664,21.69283994,1.6662691,0.245839978,0.074013374,0.085171638,21.44049692,0.011577559,7.356972195,1.668326914
B9.9,90,Ulti,76.4397573,161.9657875,116.5137391,56.25022545,2272.525122,0.785808947,0.166657995,68783.53098,100.0127725,51.59011479,78.48546815,51446.85022,0.518967664,1.587080506,1.463193335,6.352095551,9.439110399,1.450987708,0.731980564,19.59175527,1.58207129,0.184957399,0.079959793,0.084450117,21.08566573,0.011243191,7.278779009,1.676063874
B9.10,100,Ulti,85.77130406,150.8217793,141.0477473,80.59690321,2428.903115,0.849526662,0.181519968,77727.55654,105.5934053,55.13104392,85.28174509,56070.64485,0.524276688,1.560534599,1.854240445,8.009062562,10.11408524,1.412892728,0.932788911,23.20039655,1.557824632,0.159673298,0.087378866,0.103255122,23.82461174,0.011708334,7.817797815,1.727896769
B10.1,10,Ulti,68.70565978,161.5016987,142.7893056,64.55135209,1381.432518,0.761025188,0.111122978,41143.07758,68.95228923,35.66522853,72.38296221,41140.45079,0.371982627,1.249156289,1.528398714,4.701099386,6.495291108,1.265506701,1.006032885,13.01745054,0.828429289,0.048252868,0.060348207,0.088811786,13.86849655,0.009174042,5.028208654,0.997010518
B10.2,20,Ulti,82.21218788,161.4398382,194.3191647,69.97760045,1676.322073,0.766375062,0.137718944,51874.54245,87.98810736,45.1459749,84.05471825,52778.5861,0.433212213,1.48583374,1.642311574,5.035894327,8.156573617,1.686615469,1.376333489,16.84219615,1.101305527,0.094480314,0.074123865,0.127608715,20.29943763,0.012105948,6.737954117,1.355642113
B10.3,30,Ulti,88.91304112,189.3289902,127.4061594,85.98971416,2064.136935,0.850045135,0.138678509,55372.94984,83.69690739,42.34236977,105.0871663,45490.74379,0.498972436,0.677070871,1.318954478,7.34562825,7.463325533,1.438552351,0.884419249,17.69058907,1.171473925,0.071354549,0.088070295,0.09335832,19.55416988,0.010489797,5.968156577,1.446918737
B10.4,40,Ulti,91.80344701,179.4506143,120.5748237,83.45315871,2005.741961,0.797310337,0.143957542,60861.17234,86.93534099,44.22889356,82.87429679,46894.28555,0.45794764,0.895891646,1.256518328,6.549964703,7.873237781,1.509348759,0.871714867,19.47613157,1.218284106,0.054673041,0.102037749,0.08834795,18.61672842,0.010356556,6.155738465,1.395210298
B10.5,50,Ulti,96.82673931,185.8565432,131.7885244,93.88113452,2106.069494,0.827372058,0.15211694,65059.35516,92.48156609,47.02573709,88.42252501,50171.15323,0.499546433,1.038703207,1.539611858,7.196309928,8.384907436,1.593728573,0.946026263,20.70910606,1.328671969,0.08273606,0.089838906,0.098533734,20.08580106,0.011909714,6.675401173,1.543906779
B10.6,60,Ulti,95.38601401,160.1648486,164.6480318,81.85784901,2178.868926,0.843519557,0.165736257,67638.91865,100.7865253,50.85571587,91.68066419,55138.11433,0.513384471,1.425610716,1.759415807,6.797160059,9.065695441,1.627115317,1.183791705,21.23785884,1.398105143,0.081009184,0.09880386,0.105335913,21.78190707,0.01316217,7.277743568,1.644944492
B10.7,70,Ulti,91.76969036,153.1334949,197.0786077,70.46964613,2060.141346,0.849170888,0.174284877,67175.18647,103.7030511,51.64217867,73.4744675,57402.55135,0.446189682,1.082178552,1.944100959,6.050399822,9.378039998,1.588067852,1.340915211,21.99597414,1.386938669,0.045699902,0.069267822,0.120049195,23.09471717,0.01303832,7.394156765,1.640196172
B10.8,80,Ulti,90.35694566,131.5363521,224.1372028,82.61875352,2137.631777,0.815129314,0.169648232,67612.34123,107.8711214,53.58747899,77.496262,58888.07299,0.466418386,1.002054723,1.869546688,5.696111571,9.999447402,1.500509323,1.508893183,21.98438468,1.412833925,0.042795769,0.086050833,0.132364786,24.92225083,0.014016204,7.809545767,1.577751085
B10.9,90,Ulti,83.85196319,132.0495365,502.8202284,65.96062705,2210.562132,0.817957758,0.178350957,67094.05699,105.7479502,51.94080077,85.81295073,57835.3867,0.51388542,0.908254881,1.898462529,6.43557093,9.74941204,1.429724868,1.521628182,21.04825543,1.363026556,0.06430045,0.087310493,0.125280713,25.00318709,0.015047099,8.003211014,1.63317046
B10.10,100,Ulti,79.84851002,125.2532781,228.4869803,51.08366967,2081.718764,0.808779572,0.167478346,66210.45448,103.0313097,50.05048821,79.21467322,55706.68225,0.482440008,1.180391382,1.433265314,5.525901408,9.227843886,1.31731882,1.580825175,20.76270298,1.355313704,0.055657207,0.070517672,0.124691343,25.53008641,0.014132521,7.891179587,1.589636106
C1.1,10,ADE,446.0953866,1031.537936,543.9625847,2007.756064,1687.878282,2.756790496,0.180743491,34434.02038,53.77205059,30.36241046,405.7091729,30710.80552,1.197659873,3.70608241,14.79406073,61.04330531,4.226014476,0.952525303,7.903337847,33.94114831,1.03300052,-0.034414635,1.028048161,0.928584915,119.1486103,0.075252554,4.051673013,1.166353914
C1.2,20,ADE,446.0276119,1256.447015,648.9332869,1639.409142,1859.461267,3.278500163,0.219863271,41466.68227,62.21166382,35.85487698,428.4392478,34805.38306,1.40178442,7.556187237,18.19852364,71.23413402,5.160589299,1.020508823,8.847185338,35.66615213,1.077318438,-0.018223696,1.221673989,1.089499602,150.4876646,0.083784328,4.551867061,1.289171775
C1.3,30,ADE,440.0207663,1684.073962,681.5568351,2185.174942,1949.100197,3.654087167,0.244370662,48389.15776,70.07603378,39.61377295,395.7141405,39280.32954,1.415129846,9.220562576,19.46527957,76.67502316,5.638238823,0.916005236,9.227295737,43.14762428,1.197833496,-0.012270735,1.356433819,1.116091337,188.8174629,0.080732331,5.05202694,1.377940969
C1.4,40,ADE,368.4428742,1528.988623,626.4571019,1871.868108,1928.611326,3.33414579,0.228684241,50533.72918,75.19088454,41.19764194,308.4940737,41747.46538,1.240586079,5.398838076,18.12160782,68.20986987,6.349461653,0.893171117,7.976884306,41.91997234,1.337657396,0.020314036,1.238657466,1.011548604,170.0708581,0.070725236,5.253899299,1.40081052
C1.5,50,ADE,305.1639354,1424.320766,488.6451637,1781.206245,1995.827763,2.857445388,0.202179005,52894.69597,78.66842966,42.25401904,229.7655242,42985.97701,1.00740411,4.300454546,14.88409952,56.54766232,6.616264893,0.899262445,6.835394776,40.66444019,1.327519976,-0.014846814,0.969106937,0.858982425,133.3766027,0.057766883,5.007528889,1.384443095
C1.6,60,ADE,277.0153568,1213.064724,456.9511587,1301.851749,2318.492332,2.594685867,0.205157418,61284.24353,91.41328537,48.4262383,191.6896349,48462.46148,0.950447026,3.92762433,13.22568357,49.18702836,7.676086952,1.031192573,6.844967779,40.61124514,1.528000601,0.01065494,0.781736707,0.857651651,116.7908568,0.053913453,5.587085066,1.641077829
C1.7,70,ADE,226.6424163,1075.606716,342.2563058,1076.626625,2311.530563,2.187959709,0.183811736,59481.64522,91.18184132,47.49990439,173.507485,47997.74112,0.799795161,3.272252464,10.00586202,39.90037592,7.764756644,1.038565051,5.42779974,36.07702104,1.524848848,0.02535934,0.642146582,0.688653659,88.6806519,0.043286395,5.419681342,1.595946491
C.18,80,ADE,140.7131433,799.9909389,178.6583682,625.5883944,2095.738796,1.515693854,0.144288725,59634.89871,92.87881368,47.01534702,104.4694433,48223.5835,0.531347991,2.099357685,5.310651707,22.81516162,8.122629816,1.041141961,3.620950031,29.0260641,1.492715061,-0.007916001,0.30616029,0.394603985,47.2595389,0.02734389,4.928870476,1.460459239
C1.9,90,ADE,151.2082271,908.8906169,191.9354424,656.0553439,2233.972492,1.575152441,0.159698262,62876.47776,99.96647011,50.57172736,113.2600648,51766.7522,0.621869528,2.29248229,5.771888067,23.8879744,9.001494145,1.178488073,3.175642922,30.24015484,1.707972288,0.015105013,0.346209993,0.355113346,51.91630614,0.028661637,5.456077038,1.544833993
C1.10,100,ADE,115.1743263,833.6889543,117.5884317,455.7934353,2364.668218,1.272933401,0.151813577,67366.44177,106.1815551,55.36129941,89.68260553,54342.58877,0.493722693,2.150377375,3.627198844,16.22292338,9.989986618,1.255451677,2.263338819,29.0994457,1.884614495,0.005578695,0.212746156,0.232326331,35.4284544,0.020006678,5.579904357,1.578626922
C2.1,10,ADE,275.2999904,758.6231522,427.0066135,1485.10569,1546.675794,2.214151529,0.139839595,30244.73123,48.31469798,26.66969115,324.1551053,26801.94768,0.951257161,2.364965182,9.849381435,44.0320553,3.787338601,0.828887027,5.40636127,25.71219619,0.830730543,-0.054740179,0.610357649,0.744668365,77.32698323,0.061715365,3.622230179,1.081832554
C2.2,20,ADE,322.1154365,956.2114358,494.3104025,1233.723,2054.980469,2.52266939,0.190251188,39318.35545,59.55456105,34.44065214,359.0939066,32917.5417,1.069346294,2.91221806,11.29597913,51.37553591,4.660167786,0.956256907,6.265871658,27.92042487,1.010331833,0.016724339,0.781496819,0.865457477,88.49897894,0.076246838,4.426953221,1.407886951
C2.3,30,ADE,344.5145826,1258.693806,606.9796886,1049.688956,1942.851666,2.896847928,0.207347873,44132.83304,64.13390148,36.57595574,325.9542969,35840.83112,1.144388651,3.293258981,14.38309763,56.50610623,5.310994378,0.839994021,7.88516617,28.79389717,1.105576942,-0.037761249,0.867620683,0.962046182,106.1449902,0.069149578,4.506948396,1.414851037
C2.4,40,ADE,432.9303313,2071.455722,855.1977316,1778.392476,2157.540613,3.556437952,0.258672754,52801.19561,76.01651931,43.1317331,357.0358853,42011.70773,1.438895912,4.585519184,17.52846317,68.51136306,6.19981651,0.884608513,10.44025244,39.11372097,1.318757792,-0.011325699,1.180828341,1.225321019,149.1424652,0.078979269,5.600989206,1.466172271
C2.5,50,ADE,378.5922511,1790.868688,765.8242758,1714.076835,1833.97683,3.378492721,0.237581824,47100.31139,72.4942174,39.6393761,333.662256,39596.67299,1.345916551,4.776087602,15.78036597,61.31441688,5.776615436,0.782690656,9.290020262,36.74489693,1.260862834,0.014893114,1.041815815,1.13996074,119.2293276,0.075034639,5.137067158,1.337948659
C2.6,60,ADE,411.6868193,1818.225196,840.3930379,1896.339325,2000.908631,3.749498355,0.247852973,51538.41865,80.01410691,42.66746262,356.495438,42746.55325,1.410381633,4.911315254,17.22418585,65.77188947,6.506643605,0.833900055,10.1442967,41.37177704,1.383176855,0.010929242,1.10390557,1.24030355,124.0098704,0.080423744,5.64450812,1.471655285
C2.7,70,ADE,405.6295635,1702.035991,837.0506957,1828.06872,1981.884716,3.633425494,0.236853627,51756.4123,77.96764621,41.67322256,338.3512504,42160.73543,1.392460657,4.592467635,15.5213776,62.88400429,6.631260092,0.808606149,10.0815356,40.26270123,1.238506056,6.30565E-05,0.974483749,1.166081245,109.3090974,0.073462532,5.155972028,1.612968186
C2.8,80,ADE,439.8393981,1569.501607,945.8960704,1675.612976,1963.142285,3.775931061,0.249564891,52990.75028,79.99885079,41.94485888,317.0218291,42441.16635,1.419092596,4.611808374,15.6689968,61.95529327,6.571357166,0.819331643,10.86552479,41.11739482,1.327796023,-0.015580221,0.889334905,1.192859562,108.6214251,0.072766112,5.235523287,1.336555689
C2.9,90,ADE,424.7227779,1441.077436,912.1161254,1418.571622,2019.323071,3.755888348,0.252774758,55809.42317,83.69338544,44.32693174,265.1860904,45207.64206,1.305550044,4.274531906,13.08753441,55.46248803,6.88873679,0.895638045,10.27011004,37.94254473,1.420103694,-0.026034543,0.797797586,1.173406217,101.6704712,0.07064554,5.507580241,1.411047812
C2.10,100,ADE,328.8374886,1312.577802,686.1228718,947.8504611,2141.259476,3.071708481,0.221133241,57643.18488,90.62697752,47.26708422,189.7489088,47213.35173,1.109816626,3.654812416,9.639671034,44.80015036,7.546883249,0.948722579,8.021155842,33.36374836,1.515316547,0.001879323,0.554969023,0.898256926,78.56820635,0.052931701,5.615048433,1.497934627
C3.1,10,ADE,262.3016461,756.0448093,322.4905355,2595.914674,1469.17077,1.800116643,0.130538379,29317.88328,48.41060215,28.98553097,314.2753398,26818.25196,0.754492014,1.922225509,8.524883921,35.68780345,3.941124227,0.880432538,4.528527891,31.80210687,0.819980338,-0.026142043,0.585503959,0.6111234,70.81649472,0.0500192,3.552406912,1.158463888
C3.2,20,ADE,262.0141123,816.4088104,349.6804686,1770.760692,1781.863865,1.93967913,0.144528862,34122.915,53.35059851,31.31682213,331.4103455,29531.3911,0.866815973,3.33877643,8.956814166,38.90145674,4.314261252,0.924496261,4.822389464,28.11818476,0.932496544,-0.001695478,0.666433187,0.715081446,68.00479504,0.056699886,3.875122734,1.294790626
C3.3,30,ADE,248.304748,807.8632301,353.7511775,1104.276423,1990.976537,2.048195369,0.141096243,37738.1536,58.47056818,33.29409125,255.2471202,32498.97775,0.865173118,4.974752519,9.590766062,36.16747804,4.756254186,0.843860843,4.601733311,24.19327274,0.977563513,-0.05745687,0.527999501,0.651551979,56.68567554,0.048492951,3.769520451,1.254660822
C3.4,40,ADE,243.3182385,971.1890355,349.9180424,931.6312149,2061.699952,2.02046655,0.163127566,46231.544,69.03297803,39.10423402,210.8117638,37682.98475,0.775014594,2.092249238,9.20148914,32.45378268,5.617671545,0.912821264,4.676296361,26.93137563,1.324194076,-0.007992958,0.51916279,0.682745818,62.33004216,0.050814815,4.325493348,1.43088954
C3.5,50,ADE,175.8860675,1039.890314,270.026959,609.7757284,2005.709367,1.659811785,0.144973347,49957.93467,75.89655506,40.58765511,141.9538126,40875.68414,0.642369489,1.955303759,7.710214458,23.64582972,6.389506608,0.937733752,4.312723266,25.4505957,1.347868339,0.037970634,0.333252547,0.566212213,49.86424827,0.037461842,4.580528417,1.377074292
C3.6,60,ADE,166.5255611,1036.033399,233.4368613,528.9876247,2130.858479,1.538997904,0.145268189,51915.16171,80.82303595,43.19969437,123.1870652,42414.69551,0.59274253,2.115446446,7.20533778,21.28151992,6.833082822,0.964798155,4.154947313,25.08021152,1.460840621,0.004648019,0.295368388,0.539278749,44.97209752,0.0331589,4.627646056,1.367463054
C3.7,70,ADE,126.2649079,950.5108631,149.0544142,382.7588508,1896.645604,1.26710864,0.110041185,48066.3207,75.48578911,39.52029364,98.75206487,40332.65435,0.420630978,1.369573215,4.809098081,13.58577631,6.590089952,0.837684849,3.432891751,21.7203765,1.264767206,-0.057318935,0.146624194,0.383057637,35.54831033,0.024188687,4.093054223,1.17961354
C3.8,80,ADE,138.4327664,1081.93551,157.0475003,383.7643695,2129.510819,1.343808401,0.12400729,56951.35063,86.77904289,44.84597757,102.8193154,45428.29212,0.48744866,1.609450854,4.904920137,14.17488291,7.261973427,0.948763584,4.052326593,24.87737172,1.491867447,-0.01476334,0.132112542,0.40526889,34.35905859,0.027401677,4.748062749,1.371564065
C3.9,90,ADE,86.93734058,835.2122924,75.31522754,272.6140873,2059.781268,1.010843532,0.123528898,60351.8394,96.86997876,49.26369021,66.04354526,49442.93197,0.391270678,1.558520784,2.834556238,9.66725153,8.198446989,1.053013188,1.481584246,22.44242696,1.807584303,-0.001120427,0.084381304,0.126876861,23.97515035,0.012714581,5.084292511,1.404030748
C3.10,100,ADE,104.5468737,883.8992152,73.95086208,317.3834487,2258.588147,1.004250119,0.117751363,69089.08054,105.5267678,53.7157443,62.92581106,54036.6603,0.394903524,1.51569687,2.329788138,9.765312083,9.254571192,1.143796771,1.711030057,27.86525246,1.968164243,-0.032818282,0.074135753,0.1381506,25.20189077,0.012373989,6.210573143,1.446293187
C4.1,10,ADE,255.8759285,751.7367805,320.8542147,1075.306292,1762.312705,1.804912481,0.121071563,31269.74615,51.1407124,28.57261503,288.9416374,27586.88635,0.784717498,1.903820865,9.580171499,36.71263933,4.08544512,0.826492841,4.955802731,22.89235439,0.86731621,-0.051414861,0.571373601,0.615209701,60.76595171,0.047454392,3.908114593,1.28461645
C4.2,20,ADE,225.7712344,737.3084537,312.2388957,724.3543219,1822.398048,1.663946489,0.130312992,32710.1364,51.83394687,29.48905699,300.3402613,28981.27778,0.821936468,5.88449412,7.850062117,32.68663256,3.804809222,0.790963849,4.439840747,20.6759085,0.903767191,-0.01349462,0.592908033,0.600753794,55.56887434,0.045923392,3.731921938,1.27062563
C4.3,30,ADE,254.3479555,1025.904901,378.0139016,622.4847067,2002.319573,2.015184098,0.163438333,44703.79053,67.61797172,36.97341853,237.1496446,36867.6291,0.843862533,2.921439501,9.067060679,33.01863467,5.450383142,0.837290024,5.203594026,23.85544498,1.131406918,-0.045824067,0.53717798,0.652991129,61.80491101,0.042387016,4.262414673,1.286841414
C4.4,40,ADE,244.1983593,1259.334277,395.3581377,660.8654438,1942.709411,2.077060912,0.165589941,50272.66944,77.02537385,41.67496745,205.1623752,41329.7995,0.834719678,2.807950908,9.597406004,33.89866938,6.383423779,0.889383139,5.55555137,25.46340759,1.366721524,-0.010679043,0.59191081,0.704946789,74.23854379,0.041076766,4.841478823,1.371346924
C4.5,50,ADE,246.7152075,1390.747004,401.6664221,741.9632063,2151.418472,2.178982951,0.164710556,53331.66874,82.74749082,43.83390077,233.8097544,44164.86221,0.909338982,4.108291409,11.8766022,35.97562759,7.012056392,0.907113903,5.999509074,27.20134526,1.440454814,-0.028945703,0.658641076,0.726691013,74.96036312,0.04242327,4.985496813,1.390074541
C4.6,60,ADE,226.0013873,1370.96514,362.7034069,720.534292,1950.848477,2.057889179,0.168204686,51606.89894,80.08119649,42.25849775,225.3696147,42608.39982,0.844733187,3.414929297,11.73948553,33.7926338,6.919102803,0.896099772,5.404160156,26.07731894,1.416394025,-0.029501783,0.70627702,0.64889748,72.39453607,0.045121693,4.659533673,1.339680866
C4.7,70,ADE,205.8354464,1153.926559,319.294219,618.8719677,1881.763649,1.776292154,0.152705937,50777.07356,78.04832259,41.09334211,186.4352143,41762.43178,0.749329612,2.519989444,8.998297456,30.01052638,6.555967073,0.888726859,4.701812909,24.53199475,1.350401033,-0.025115382,0.547301534,0.577372618,61.42829846,0.035188369,4.586305744,1.485464211
C4.8,80,ADE,173.0365034,1035.642932,260.9246227,423.0453101,1916.977134,1.639780241,0.146971228,59474.40435,90.30223339,46.40643144,146.6645258,47373.86022,0.751291596,2.365172725,6.975573429,23.19392539,7.705289144,1.024406751,3.938193381,25.78623251,1.656464902,-0.015960921,0.367813058,0.488242597,47.42252967,0.030640733,5.127436349,1.33148265
C4.9,90,ADE,178.8236123,1039.372861,273.0457018,502.3144138,2279.949507,1.644613537,0.144762641,65375.25842,100.6476671,51.59952396,136.7855976,51822.59217,0.670176032,2.555677589,6.468786542,24.05937934,8.367762957,1.110318993,3.556786718,27.69225161,1.825536434,-0.02071073,0.328549562,0.442910177,46.32538126,0.026733277,5.512934721,1.476662414
C4.10,100,ADE,109.6778904,873.3809197,93.74187554,302.4635587,2390.566004,1.233033914,0.128964582,73586.70143,113.4809288,58.53931431,71.76590212,57141.59637,0.447314001,2.276797917,3.68066953,15.08431161,9.444147937,1.241720728,1.541712538,28.8266764,2.159651548,0.015000261,0.160593095,0.182035706,30.41002948,0.014338785,6.004344423,1.591357145
C5.1,10,ADE,344.5771508,797.3970527,330.0865349,2014.312091,1803.697001,1.942416977,0.126225861,30920.653,52.6415524,29.89999312,328.0280676,28648.18772,0.84424446,2.153116137,9.866787913,45.25427239,4.015687998,0.888217368,5.564431675,30.17751513,0.920286768,-0.061458389,0.936624582,0.670494164,88.15684156,0.056396475,3.631615898,1.180910961
C5.2,20,ADE,280.3625947,794.8138549,310.8119896,1051.316877,1933.227774,1.90599427,0.137395958,33713.31923,54.50117641,31.29601548,302.9442446,29849.67159,0.856118972,3.208678049,9.369511683,41.79808137,4.24261251,0.846544673,5.050719508,24.91719697,0.926644966,-0.02521819,0.759310657,0.629394223,61.98416607,0.051388811,3.814338135,1.286711994
C5.3,30,ADE,257.2076196,810.0210105,305.6719078,846.8937203,1899.239348,1.765304511,0.128773063,37881.71883,59.23974536,34.06440941,239.6958753,32206.30256,0.770991777,2.320672323,7.821614853,34.37034051,4.622966416,0.780022764,4.435328278,23.9765097,1.010966045,-0.043941253,0.586965683,0.545670824,51.74030527,0.042859485,3.683980608,1.24325708
C5.4,40,ADE,225.8127335,858.2856671,281.6963847,583.1573528,2062.165736,1.805369013,0.144563005,47929.39305,73.86164821,40.60898314,198.7603702,40204.85034,0.766722176,2.84694549,9.639237695,31.81429061,5.913665842,0.822657011,4.161317839,24.38399221,1.277664172,-0.039071892,0.511746264,0.519980168,42.18068468,0.034049508,4.362304771,1.313106061
C5.5,50,ADE,186.392871,871.5630485,220.4787494,496.6687342,2136.921952,1.646563905,0.141923544,57256.99603,85.92558861,45.42803871,149.4066414,46330.13391,0.671710784,2.896477984,7.93112133,27.7602186,6.886682681,0.954251797,3.783284959,26.48594309,1.510451897,-0.039557438,0.478683245,0.505999366,37.58349959,0.02861567,4.906699419,1.400431712
C5.6,60,ADE,151.3061569,770.5204247,158.9300014,408.9108337,2054.795857,1.389408439,0.129381098,58010.41383,88.06052612,45.91312937,115.6216528,47237.58302,0.575784639,4.026866108,5.780035711,22.48251424,7.291065194,0.943547329,2.896762233,24.9382001,1.528825362,-0.05152373,0.331602257,0.361401086,30.49660394,0.021593293,4.643952057,1.263677906
C5.7,70,ADE,146.6251111,819.312975,161.0762613,395.5850242,2093.680345,1.36048609,0.140696968,59862.55751,92.98049405,47.67426379,107.8581177,47660.3832,0.541460532,3.314495431,5.994883943,21.6485347,7.430534396,0.993228256,2.882193385,25.81667462,1.65564887,0.002047191,0.352764064,0.383210946,33.1966894,0.024146802,5.132816682,1.459059312
C5.8,80,ADE,122.973572,744.0366838,115.8078578,311.0724849,2270.767656,1.16213093,0.123209989,64609.93959,100.5708419,51.85434179,94.53744485,51387.42098,0.491701226,1.961398765,4.40510274,17.71972054,8.069642855,1.047078209,1.922598955,25.70070242,1.817815829,-0.004522901,0.217414111,0.251559234,27.55622573,0.017312886,5.327744617,1.42935647
C5.9,90,ADE,124.4158101,743.9378979,117.46986,329.7986615,2097.229823,1.136110243,0.120184806,63146.21832,97.36051505,49.78047103,83.53520664,49810.7845,0.440030342,2.171185715,4.201573038,17.76186497,8.008254469,1.030410181,1.927551927,25.43994605,1.715554533,-0.030867589,0.220270207,0.261156256,29.00274104,0.017822632,5.123727651,1.401045366
C5.10,100,ADE,117.4854194,732.7185639,105.2172648,318.494167,2265.85674,1.008373207,0.123730872,68031.02861,105.3423056,54.27454422,80.484744,53614.22135,0.466969876,3.008857032,3.418896623,16.68584711,8.733073376,1.067642805,1.662326762,27.18629406,1.886551793,-0.018644524,0.209876577,0.219730918,47.45864645,0.016469717,5.481054014,1.433326658
C6.1,10,Ulti,87.01626829,193.0811274,72.57357613,95.13742774,1918.935905,0.976715928,0.074853512,36231.80542,62.52303409,33.61902205,93.94542498,31603.50037,0.374292885,0.481629378,0.857968438,7.901534458,5.156208567,1.080169472,0.500074072,14.67940789,0.959590422,-0.045352189,0.0748449,0.069725931,10.81781058,0.007610285,3.640715784,1.161990057
C6.2,20,Ulti,98.41981176,265.9587399,99.73428721,96.06276535,1953.361407,1.155447888,0.110141447,43949.42019,65.76939883,34.99640232,104.2313029,32733.54209,0.560258398,0.914766416,1.532141193,7.916799788,5.261204142,1.235661726,0.492968074,15.08707355,1.041497649,0.129884151,0.060382233,0.069300645,10.25484072,0.009481713,3.888531014,1.028160268
C6.3,30,Ulti,108.051366,275.8337309,95.87238481,80.98767521,2220.213775,1.240180179,0.12641398,51605.43467,75.222082,41.67445324,113.4303994,37591.95553,0.665555622,0.954522251,0.951745633,9.159380891,6.080936177,1.443437719,0.55786443,17.54111398,1.187352166,0.142195689,0.072051816,0.078998351,12.6700271,0.010700254,4.503977892,1.286004814
C6.4,40,Ulti,105.6888934,275.9680606,92.43622228,70.36917104,2128.193233,1.308422612,0.133365838,51672.62932,74.18241907,40.99611601,93.78684363,36966.58127,0.612771776,0.695926384,1.180711668,11.60532108,6.061705381,1.365401363,0.584731072,17.84476588,1.1606763,0.093722765,0.070529833,0.080842626,12.67688045,0.009450824,4.413268384,1.236055482
C6.5,50,Ulti,108.3600314,283.6871547,91.57194025,63.93038499,2244.242498,1.344706665,0.134165112,55779.52035,80.78909058,43.51694323,93.62681086,39845.08361,0.612063105,0.753609095,1.03496851,11.57421276,6.314316915,1.147877762,0.611921315,19.23470063,1.253627579,0.075137727,0.073465041,0.084554675,13.24243434,0.011472865,4.57249617,1.375864111
C6.6,60,Ulti,106.8805461,279.8320119,87.25416297,68.7727637,2179.354359,1.19973394,0.14703283,59366.90952,83.83987522,45.04335241,92.96911992,41456.05515,0.595548687,0.819857624,1.020271664,9.546085947,6.31722305,1.078469882,0.577514256,19.94020313,1.626678353,0.062438873,0.070309165,0.08549971,14.42180407,0.010380759,4.857349944,1.331230149
C6.7,70,Ulti,101.4192467,281.7108356,80.84823286,68.82617714,2125.555702,1.152545214,0.132742,57693.70999,82.42126914,44.4703491,92.30445592,41286.16651,0.566335475,0.788303543,1.0442235,10.92868566,6.49072248,1.123568837,0.532590094,19.18642333,1.32237651,0.025912061,0.06060786,0.080027563,13.57189545,0.010034469,4.70618244,1.219301417
C6.8,80,Ulti,108.6006457,302.2293193,83.45586581,76.14400436,2294.403662,1.189789464,0.139412045,67991.6617,95.76461528,50.13677736,83.11107897,47433.56593,0.607181048,0.783595804,0.863530904,9.133319702,7.431591013,1.18977153,0.519594794,21.86068893,1.566603747,0.023148942,0.074631017,0.083499781,16.03560535,0.010100449,5.219464298,1.423740726
C6.9,90,Ulti,92.81136442,256.3936854,70.8603847,72.20304138,2200.388724,1.055635048,0.14557753,62248.70031,90.3270004,48.28695747,82.05744099,44453.29109,0.556651732,0.824766196,0.791809782,8.390893188,7.405006953,1.184625973,0.440430418,19.61424016,1.485378984,0.008610719,0.055632333,0.076817641,14.01973455,0.009747543,5.029075525,1.240909296
C6.10,100,Ulti,100.9708828,259.6212954,76.04562963,67.31991516,2354.902562,1.120185884,0.151202624,70253.32922,100.4969849,53.36240989,85.31330932,48822.50126,0.601991347,0.94990019,0.914542605,8.987847378,7.847866773,1.295468048,0.480876733,22.60874761,1.679976373,0.021947506,0.067176012,0.08233688,16.50986899,0.011038852,5.671790887,1.426339377
C7.1,10,Ulti,90.93568158,221.160732,78.24512088,56.96036975,1977.433066,1.150391314,0.097574192,41301.0791,63.91072897,34.44606478,104.4168671,31299.58312,0.541920809,0.476448536,0.878184476,10.93899488,4.9394299,1.289254931,0.470662988,14.74606114,1.034203463,0.005592044,0.065488696,0.066281899,10.30809018,0.008387586,3.812561536,1.111501264
C7.2,20,Ulti,88.13340605,225.6520278,79.89867508,75.57757366,1852.684086,1.167596896,0.085515379,36086.58645,57.27648509,30.58836666,110.4747483,28268.00133,0.571714712,0.394941445,1.101221359,7.544599389,4.604628683,1.16416456,0.497594375,13.30521576,0.90242632,-0.03231082,0.126586402,0.067407877,9.12572784,0.007512263,3.328839508,0.928489674
C7.3,30,Ulti,104.7474172,243.7487983,88.30745471,60.22087487,2244.000591,1.35895263,0.120872679,50411.92836,74.44565645,40.4330549,108.3976441,36724.73424,0.634073265,0.628741836,0.894609017,9.609484566,5.771873394,1.383463373,0.560777228,17.93401249,1.187628585,-0.002287552,0.064154066,0.08311644,11.88162396,0.008863895,4.315903864,1.290421599
C7.4,40,Ulti,108.4440857,240.6561344,86.60936746,74.71826497,2255.2483,1.268800628,0.120236838,51676.62797,75.32198324,41.09165894,110.3037174,37296.92717,0.66005008,1.095546071,1.078445042,11.93913893,5.718559605,1.198623175,0.602097802,18.47172498,1.194034371,0.002679246,0.077408236,0.084472569,12.77210106,0.009966924,4.561246982,1.328206675
C7.5,50,Ulti,106.5907049,240.1276884,80.81008143,67.89624947,2340.237402,1.288166096,0.12295208,54256.62827,78.41835574,42.6498513,106.5599396,38826.3091,0.640340674,0.652001301,0.920428087,11.91912845,6.05845391,1.103749128,0.567436963,18.90091492,1.348555477,0.009051713,0.07036709,0.081047134,12.97701897,0.009584383,4.633482644,1.51322948
C7.6,60,Ulti,99.7936149,236.697295,74.55276649,59.16364854,2151.305798,1.155020646,0.140181792,57224.36562,82.72444864,43.65075538,91.19094437,40855.21072,0.563284027,0.730853042,0.721023019,7.365769678,6.479407466,1.09624054,0.526797543,19.02012041,1.327833734,0.009278099,0.066988619,0.081314521,13.79243344,0.009570374,4.669076507,1.299879148
C7.7,70,Ulti,100.7856158,241.5045663,74.54596897,59.87726228,2305.235461,1.164265497,0.13816906,62476.85991,89.5703831,46.54000837,97.05131088,43970.17293,0.607979304,0.984298717,0.791325026,10.95555506,6.749253112,1.226649807,0.508244327,20.20814343,1.458851946,0.001328365,0.065035662,0.076479714,14.20354103,0.01016479,5.091519501,1.386677911
C7.8,80,Ulti,94.77507339,229.387294,80.32584177,59.47935872,2126.272202,1.119678859,0.119161619,58211.40398,83.91968969,45.03075549,89.43471977,41446.17382,0.566479428,0.837909942,1.059768379,11.48803895,6.448067537,1.199803894,0.516310295,18.80867497,1.342008549,-0.026884908,0.071759482,0.073754301,13.76931593,0.009541518,4.712509074,1.275470085
C7.9,90,Ulti,100.3170429,230.8353923,73.2827722,77.01522217,2225.479758,1.082376714,0.132383972,65826.00738,92.2692273,48.66324349,86.61513326,45742.41459,0.583214571,0.746077373,0.73026774,7.379885979,7.194638164,1.254046864,0.49782257,20.88816988,1.532275396,-0.016823885,0.064519637,0.076191636,14.92200811,0.009243954,5.138730476,1.333456453
C7.10,100,Ulti,102.3105789,227.6751354,75.76356262,61.8155031,2391.377781,1.182433145,0.14754994,69209.47799,96.65363419,50.22926907,94.8035542,47438.29762,0.624195939,0.93664996,0.61319524,8.071337232,7.569421199,1.360193326,0.489944339,21.95250507,1.530032759,-0.025712021,0.075483753,0.076106102,15.51474183,0.010108792,5.403970066,1.439263699
C8.1,10,Ulti,75.22178451,181.1046637,68.79360398,58.69588115,1702.881587,1.10569191,0.082024531,32767.93746,52.53390024,27.06931651,103.2750608,26232.80326,0.46673512,-0.104042934,0.804138571,7.042185173,4.29100263,0.978941078,0.429346771,11.73480945,0.783667213,-0.086947148,0.040621848,0.049982053,8.432442186,0.006505769,4.68435745,0.834784742
C8.2,20,Ulti,99.23805415,222.5990341,83.56602755,55.99937567,2220.187745,1.345462885,0.122231028,46902.67996,68.89108237,37.4196679,112.9031509,34146.17819,0.607861599,0.303949537,0.620617669,8.070298176,5.473010016,1.368302377,0.547721801,16.41089712,1.070824989,-0.030098501,0.062337356,0.077326514,10.98254422,0.007505764,9.249976332,1.197157109
C8.3,30,Ulti,93.98511255,198.4744027,75.87877943,54.18975423,2045.653392,1.243308809,0.109437279,45732.29205,68.52241393,35.74734493,101.9045694,34141.1032,0.583887047,0.49439759,0.613224276,12.3804319,5.25762937,1.37013422,0.538176004,15.96502968,1.0322168,-0.044085028,0.058890792,0.069558418,11.25196749,0.008519133,6.044070874,1.101029444
C8.4,40,Ulti,125.474096,281.4529758,109.6473031,85.47038233,2415.507322,1.502902052,0.138429201,59781.50754,87.03078971,47.62810603,124.7842297,43818.18153,0.731760247,0.703038741,1.082165683,9.622853194,6.60408532,1.514614645,0.787367161,21.32649612,1.376185433,-0.004211826,0.072261271,0.112738768,15.03985783,0.013139254,6.100745439,1.453329602
C8.5,50,Ulti,114.5555519,239.7271546,89.72293334,79.83297937,2255.478982,1.352733206,0.128562173,56866.57173,80.39418902,43.5090461,108.2631173,40024.63736,0.645459096,1.052657049,1.311486092,11.22106949,6.129714787,1.185048825,0.6310287,19.46334645,1.27644094,-0.019675826,0.067007146,0.087627362,13.21540532,0.009443138,5.121544716,1.372093807
C8.6,60,Ulti,104.8997683,229.2605682,78.79067579,69.77263322,2106.738552,1.20367033,0.132557837,58918.95659,83.41320396,44.20405304,92.57926218,41473.46124,0.598097449,0.735981656,0.793927161,7.701840721,6.052875343,1.143658732,0.598255006,19.36438124,1.31611809,-0.005745408,0.070112411,0.085704439,13.89531019,0.009469048,4.728818683,1.279861144
C8.7,70,Ulti,78.0544487,217.8340761,86.09716377,55.92054589,2194.967944,1.179775688,0.133941818,52737.71712,84.3862893,44.7662918,87.71776757,41200.88818,0.585286638,0.959793848,1.844624454,11.46089423,7.017111759,1.13210655,0.52418451,14.70563631,1.292457153,-0.019073491,0.065461675,0.074382705,13.03849536,0.009928261,5.088502093,1.267442424
C8.8,80,Ulti,80.87827311,215.5151577,86.28778871,68.81990376,2268.866349,1.167543402,0.153815749,59820.75086,93.49792515,48.34339683,86.35630776,45348.66982,0.587718515,3.670817078,1.650500216,9.751715093,7.668182327,1.163353891,0.472546457,16.31303712,1.51339826,-0.034820186,0.07134729,0.072335421,13.80312079,0.009136784,5.227364688,1.325908682
C8.9,90,Ulti,93.02419978,224.2521428,89.73285112,73.66476527,2419.290622,1.140704335,0.149368057,65198.67198,94.1087747,49.16814671,106.5742595,46565.21125,0.629533127,3.115185776,1.561839225,8.662743455,7.501476752,1.214488059,0.54785163,18.55693506,1.509260718,-0.030121143,0.057948591,0.081438895,15.2862272,0.010409848,5.582487463,1.302737688
C8.10,100,Ulti,76.13725609,212.5748281,73.42506748,46.52074529,2234.950112,1.063824532,0.140279169,63115.45086,94.58408598,48.76635919,79.12026809,45897.87786,0.5645824,1.297531244,0.956087264,9.023292394,7.665210579,1.155100383,0.458287977,16.87936195,1.563508925,-0.026072195,0.060310586,0.076392108,14.45667875,0.009800995,5.358670032,1.229571016
C9.1,10,Ulti,75.3435008,201.3634378,77.49510901,97.62475474,1540.598144,1.158784471,0.084473426,32844.93038,52.19306476,27.2412455,79.2068657,26092.47275,0.445160102,1.079799873,1.85944381,7.279084317,4.065289567,0.927123432,0.478362637,11.58924537,0.754908331,-0.110308471,0.056878039,0.054167944,9.310450782,0.007144933,3.427935485,0.822675739
C9.2,20,Ulti,70.24223999,172.202217,66.2718998,55.74683876,1610.61585,1.031307391,0.093456202,35104.67734,55.69344869,29.9512033,82.34668057,27617.68084,0.448247679,0.378379776,1.495875963,8.111042876,4.25217415,1.0410424,0.419947584,11.57435216,0.819513777,-0.071024414,0.051661849,0.053910022,9.035540749,0.006300687,3.651501943,0.865289243
C9.3,30,Ulti,79.84973605,204.6391842,83.37313202,71.27327987,2038.215644,1.223146805,0.114701803,44362.28797,70.87281485,38.14282265,96.77534324,34727.24997,0.544686343,2.194117345,1.503668542,11.20286359,5.565748509,1.309236956,0.503673244,13.8898305,1.125417568,-0.036212846,0.06273739,0.0725992,10.9404709,0.008747796,4.363602738,1.135616204
C9.4,40,Ulti,82.06121568,199.496017,110.3379032,61.52638,2117.860255,1.183714079,0.127112687,50619.12201,78.72532751,41.52335831,91.84066439,38955.62694,0.56528725,1.747728226,1.67589828,7.634434118,6.425176083,1.314115943,0.528612325,15.5503295,1.267538564,-0.015849422,0.085294491,0.072580339,12.56536013,0.00968052,4.497216727,1.284975475
C9.5,50,Ulti,85.17036369,210.6486441,83.02459162,87.21744385,2205.590422,1.221248753,0.131697573,51810.51287,82.22755015,43.33440923,93.24607104,39958.656,0.583866255,1.72676087,1.018079873,12.03229109,6.945406802,1.271367088,0.531824952,15.98655454,1.305825523,-0.017653309,0.073637934,0.07868566,20.21806211,0.009830086,4.987771891,1.326021373
C9.6,60,Ulti,89.57093347,214.8816108,90.76794434,72.73889962,2362.835778,1.171140335,0.138788177,59966.68076,90.9851139,47.95273631,92.88872999,44170.94576,0.640131797,0.86777672,1.363740143,8.344507763,7.339440295,1.310704651,0.521781257,17.90226895,1.497461983,-0.012275058,0.062706833,0.078098649,14.51697296,0.010415923,5.416231063,1.346161403
C9.7,70,Ulti,67.64296294,209.6839726,75.19058431,48.40180146,2217.690015,1.127954151,0.142349842,52569.21782,87.15557785,46.21778347,80.25534863,42123.81457,0.551707095,1.971739055,1.997992073,7.295875067,7.43385492,1.234307034,0.493641209,14.17836297,1.378500981,-0.031570244,0.069295037,0.071667417,12.99742582,0.009038948,4.961324691,1.226888506
C9.8,80,Ulti,68.54423789,194.1322797,70.58972338,49.53931445,2377.682505,1.04517687,0.139949181,55044.40104,91.82600104,48.5189598,87.82177944,43890.44933,0.613317079,1.800906569,1.525281322,9.334170473,7.679505245,1.211819629,0.421861006,14.2227559,1.494400077,-0.021331368,0.061897661,0.068105418,13.35272265,0.009936082,5.216577761,1.26939672
C9.9,90,Ulti,59.00793348,175.8541247,70.63192396,31.99770098,2138.731983,0.940795734,0.14629954,51792.59164,90.27233671,48.25270072,69.4212984,42443.09527,0.547993056,4.731687975,1.822677652,9.609054041,7.47813893,1.263464857,0.422047587,13.6499583,1.544736474,0.00409807,0.057870925,0.067375326,13.92691191,0.009087484,5.364687728,1.221107767
C9.10,100,Ulti,68.07940285,182.353811,75.97001827,45.77120763,2312.46659,1.030858293,0.145877197,61896.81193,100.1088225,52.45309829,72.77936699,47303.14232,0.570418944,4.172114954,1.767294198,9.828886608,7.295146122,1.330911582,0.434217354,14.26638503,1.616098592,-0.013599242,0.065522581,0.075284125,15.21776234,0.010431228,5.608470945,1.273003482
C10.1,10,Ulti,72.13255464,186.9773433,93.33184691,53.03608296,1834.140225,1.082754224,0.100758874,42104.34123,65.61123532,35.22090186,86.49560099,32640.05992,0.471237079,1.138818907,0.590904757,6.951847493,5.417514368,1.084906772,0.544451386,12.95678473,0.987433305,-0.065522146,0.063795515,0.066005245,10.20811177,0.007586734,4.160506336,1.005246865
C10.2,20,Ulti,90.36915596,196.4009611,93.35402025,63.54055672,2185.519673,1.216709288,0.134722359,53793.08969,79.17001627,41.44845341,106.1439881,38794.80262,0.61402934,3.011793445,1.510368457,9.698063484,6.194814757,1.300144191,0.556876548,16.34964703,1.199779727,-0.035357508,0.072110183,0.070706277,12.77819255,0.007892323,5.066428483,1.291706182
C10.3,30,Ulti,77.44811342,199.243879,93.59180668,59.66061305,2247.74325,1.213987951,0.131251684,49657.34843,79.6219086,42.85864264,86.18067013,38731.84595,0.579196048,3.58030614,0.66746086,9.6384934,6.668244148,1.343222712,0.568621329,14.96432301,1.242739267,-0.013303937,0.075449018,0.071656747,13.08077932,0.008938743,5.048566562,1.398656063
C10.4,40,Ulti,81.27753179,203.1942928,93.15937399,47.11275899,2382.835559,1.291871606,0.150109803,54614.43907,84.6518538,44.83585535,99.07169991,40572.66238,0.615167322,1.101133819,0.523978826,17.12276239,6.90908972,1.302319262,0.559443558,16.26481805,1.268800133,-0.028540498,0.070359106,0.074542625,13.03967188,0.008978488,5.196292116,1.395116311
C10.5,50,Ulti,93.08638499,214.8939388,81.31628707,70.14305565,2205.013644,1.234268389,0.131403707,51430.17266,77.15214263,42.91052675,100.6116872,38288.49789,0.560151497,0.547786249,0.877938608,7.582520561,6.268409798,1.015425758,0.583598743,16.61952677,1.181379532,-0.039025512,0.060767124,0.077261503,12.3234357,0.008592147,4.685410791,1.285399366
C10.6,60,Ulti,74.94296682,230.6061638,73.64245722,56.25296056,2168.47091,1.213302746,0.125132266,48126.66726,76.59277453,43.54010924,108.721103,37711.28494,0.596832198,0.756572777,1.950837383,10.92785393,6.092125631,0.900653736,0.511464275,14.4924682,1.142382924,-0.046833811,0.069491371,0.066655664,12.12342696,0.007929563,4.580227527,1.314282317
C10.7,70,Ulti,70.97146512,244.2161116,106.985277,74.32627267,2001.137302,1.125434,0.125263993,45598.36804,75.57189665,39.60023891,91.57536701,36522.97348,0.568999731,4.388834156,1.299292453,8.417348676,6.203366438,0.913011965,0.695215147,13.16459867,1.161595482,-0.018917853,0.070098873,0.105931294,12.83609724,0.009509509,4.539340149,1.123195889
C10.8,80,Ulti,78.89241777,248.2645409,74.78409444,52.61475209,2345.73669,1.179872207,0.14403276,59284.42537,90.47058772,48.35649468,94.30580212,44519.54952,0.623256321,2.083024687,1.139308703,7.147145394,7.49190389,1.110988681,0.54282981,16.96366075,1.42948705,-0.026614655,0.066208307,0.088797124,14.11526462,0.00952954,5.301614604,1.34842746
C10.9,90,Ulti,82.98976831,216.3988908,69.62387639,62.06807861,2307.054804,1.106685375,0.132688283,56964.82987,86.75134036,45.83309865,103.8338953,42556.64764,0.565998532,1.226179335,1.440009317,9.749747421,6.851232698,1.116466362,0.457848116,16.53973498,1.336526522,-0.017865548,0.061085756,0.0711132,13.27346392,0.008558709,5.116277855,1.250083391
C10.10,100,Ulti,78.44004729,188.9274069,76.15936077,74.23646426,2421.794555,1.056068042,0.145516586,64775.85941,95.8121685,50.39356873,89.95971752,46940.15133,0.584309092,4.534413183,0.391944622,7.818015131,7.825618596,1.232081415,0.45768946,17.59415542,1.504179484,-0.031135927,0.059023201,0.071572934,14.14018668,0.008206344,5.338658363,1.316654244